primal,dual,relative_dual_gap,gradient_norm,kkt_residual,feasibility,numerical_rank,rank_threshold,rank_ratio,dual_min_eigenvalue,unshifted_dual_min_eigenvalue,complementarity,runtime,iterations,stop_reason,method,p,d,condition,trial,restart
-4.858157351605076,-4.858157604542658,5.206450999509957e-08,5.364798008142816e-05,5.634459525378724e-05,1.0533215886926972e-15,4,1e-06,4.1491337656449424e-05,2.850874668309232e-13,-1.4888745678529371e-08,1.734725638806444e-05,0.006872917001601309,125,dual_gap,RGD,3,3,,0,0
-4.858157358635823,-4.8581573793342585,4.260552782914363e-09,5.806545381250736e-05,5.124344765979658e-05,7.332230664600564e-15,3,1e-06,0.23900757457677993,2.8397507875721964e-13,-1.2100813135786438e-09,1.577697462772414e-05,0.000890041992533952,4,dual_gap,Fixed point,3,3,,0,0
-4.858157356316287,-4.858157482196967,2.591119860253678e-08,3.8975879394281304e-05,3.986056283667831e-05,1.1677537641567491e-15,4,1e-06,2.9320567540096513e-05,2.85179590502437e-13,-7.4068222845759e-09,1.2272184278146676e-05,0.006658124999376014,125,dual_gap,RGD,3,3,,0,1
-4.858157350532241,-4.858157382718492,6.625197307419763e-09,0.00014772200827200613,7.144790732360463e-05,2.6862230376764172e-15,3,1e-06,0.23897794378208248,3.014459169851112e-13,-2.0222909620990756e-09,2.1997012871131796e-05,0.0005864159902557731,3,dual_gap,Fixed point,3,3,,0,1
-4.858157352946366,-4.858157547820128,4.011269053317175e-08,9.498494817249053e-05,4.672689809641001e-05,1.0069356755589578e-15,4,1e-06,4.4158546348275025e-05,2.937321877664727e-13,-1.1802756114024703e-08,1.4386179112549381e-05,0.004405125015182421,75,dual_gap,RGD,3,3,,0,2
-4.85815734826746,-4.858157459838188,2.2965647396260656e-08,0.00013441471959308045,0.00012173443927471042,4.097582546948393e-15,3,1e-06,0.23895547667041722,2.8323605465481597e-13,-6.508614131354251e-09,3.747804660187788e-05,0.0006094169802963734,3,dual_gap,Fixed point,3,3,,0,2
-4.858157355598087,-4.858157505546371,3.086525878766102e-08,4.442610726233827e-05,4.0962804798213754e-05,1.1590503739875593e-15,4,1e-06,3.3652844152680356e-05,2.8975878098100724e-13,-8.967549091780908e-09,1.261154113403367e-05,0.005342333985026926,100,dual_gap,RGD,3,3,,0,3
-4.8581573123485935,-4.858157759462344,9.203360898411717e-08,0.0002520380296199224,0.0002364460777479385,4.363447877297673e-15,3,1e-06,0.23906671125830573,2.843019511234633e-13,-2.617349789874733e-08,7.280210012986734e-05,0.0006067919894121587,3,dual_gap,Fixed point,3,3,,0,3
-4.8581573605207975,-4.858157372267477,2.4179289210282867e-09,2.1681813026474965e-05,1.2860372171386774e-05,1.6884466457153034e-15,4,1e-06,9.905820972687765e-06,2.818590566237247e-13,-6.830330303453649e-10,3.95942294180555e-06,0.007948707992909476,150,dual_gap,RGD,3,3,,0,4
-4.858157321467202,-4.8581576878035015,7.540642999414196e-08,0.00022360280160602325,0.00021473297687859,2.836828007413069e-15,3,1e-06,0.23905989587979565,2.845195373280363e-13,-2.1468354809112557e-08,6.611604856531471e-05,0.0005749170086346567,3,dual_gap,Fixed point,3,3,,0,4
-5.1027188483721195,-5.102718880544318,6.304912967931768e-09,1.6358508987283878e-05,2.29323746900494e-05,1.6349748884685862e-15,4,1e-06,1.2948106638377296e-05,2.6063513879667474e-13,-1.647713173197162e-09,6.895536624178487e-06,0.009002957987831905,175,dual_gap,RGD,3,3,,1,0
-5.102718841484874,-5.102718905117133,1.2470265470261304e-08,9.317624246742754e-05,9.507576094100806e-05,4.473188054781337e-15,3,1e-06,0.2543627691958769,2.6136037490428174e-13,-3.2676787575815124e-09,2.8589158189028886e-05,0.0008641669992357492,5,dual_gap,Fixed point,3,3,,1,0
-5.1027188298390715,-5.102719337522646,9.94927589038289e-08,0.00010439287042617177,8.851257290915952e-05,1.651465827408401e-15,4,1e-06,5.6205487101113854e-05,2.5510869534497367e-13,-2.539446180298501e-08,2.6614864857701507e-05,0.005323999997926876,100,dual_gap,RGD,3,3,,1,1
-5.10271884299902,-5.102718895129039,1.0216125976768865e-08,9.913427279770375e-05,9.00505594364887e-05,2.104713698905061e-15,3,1e-06,0.2543569061602375,2.6774359199496153e-13,-2.745500098055336e-09,2.707804594000637e-05,0.0008380420040339231,5,dual_gap,Fixed point,3,3,,1,1
-5.102718847254954,-5.102718910046982,1.2305602237812381e-08,2.89014759758954e-05,3.082610497230519e-05,1.353797169184112e-15,4,1e-06,1.8864298712552094e-05,2.5573761601998285e-13,-3.152397580531564e-09,9.26910307785925e-06,0.006759208015864715,125,dual_gap,RGD,3,3,,1,2
-5.10271879986753,-5.1027191406591745,6.678628747691565e-08,0.0002412128200271957,0.00022470705543140284,3.3902148806642905e-15,3,1e-06,0.2544162419104239,2.5961879465188533e-13,-1.7385871147324397e-08,6.757133901844406e-05,0.0007205000147223473,4,dual_gap,Fixed point,3,3,,1,2
-5.102718842916778,-5.102719005295584,3.18220171245201e-08,7.11574697400268e-05,4.574547211375036e-05,8.19657389105377e-16,4,1e-06,3.734553675603312e-05,2.5671915430256264e-13,-8.180288175960712e-09,1.3755210450032565e-05,0.005107499979203567,100,dual_gap,RGD,3,3,,1,3
-5.102718796079998,-5.1027191858257535,7.638001842632963e-08,0.00024479607601111177,0.00023771639470236304,2.0381598241443332e-15,3,1e-06,0.25442261554357615,2.605395883215276e-13,-1.9946418641947252e-08,7.14838464103844e-05,0.0009621669887565076,5,dual_gap,Fixed point,3,3,,1,3
-5.102718838045635,-5.102719143950999,5.994948455124434e-08,6.51128815843893e-05,6.787479251076193e-05,1.6035458297189781e-15,4,1e-06,4.179871490596e-05,2.558135875329784e-13,-1.5354428342142664e-08,2.0409281162308856e-05,0.006521875009639189,125,dual_gap,RGD,3,3,,1,4
-5.10271883936778,-5.102718915427753,1.4905773752542556e-08,0.00010649876191691977,0.00010468795719023703,4.030476137668757e-15,3,1e-06,0.25436662208029415,2.60943309661149e-13,-3.8962559421515866e-09,3.1479587084887555e-05,0.0009563329804223031,6,dual_gap,Fixed point,3,3,,1,4
-3.4952657448878184,-3.495265745369176,1.3771703085349782e-10,1.4509507491309347e-05,7.858753307692258e-06,7.566365779854688e-16,4,1e-06,6.743322434959662e-06,2.82576866916138e-13,-3.923080632119081e-11,2.413324846311171e-06,0.0027728330169338733,50,dual_gap,RGD,3,3,,2,0
-3.495265724383489,-3.4952658218222563,2.7877356104064486e-08,0.0001248069639552751,0.00015361392277579453,4.081594245945261e-15,3,1e-06,0.5331553845717677,2.382000141891025e-13,-6.647362715906763e-09,4.717216957065917e-05,0.0008819169888738543,5,dual_gap,Fixed point,3,3,,2,0
-3.49526574501001,-3.4952657450189335,2.5530329404757755e-12,1.4543425329056755e-06,8.998398618320801e-07,1.143818997892169e-15,3,1e-06,6.351963873757441e-07,2.536447821207057e-13,-3.9622434240971985e-13,2.7632956665508554e-07,0.0028188340074848384,50,dual_gap,RGD,3,3,,2,1
-3.495265732753204,-3.495265790583281,1.6545258972849305e-08,9.63466470721503e-05,0.00011843923944608898,1.2330954256171315e-15,3,1e-06,0.5333059279000767,2.380995982008709e-13,-3.944247612670131e-09,3.6371650478867094e-05,0.0010957919876091182,7,dual_gap,Fixed point,3,3,,2,1
-3.4952657450103284,-3.495265745018573,2.358766623864261e-12,1.122990698585919e-06,8.285264990186089e-07,9.538870627585517e-16,3,1e-06,5.119230364183288e-07,2.5246110586689244e-13,-3.4381043657131086e-13,2.5443012491017847e-07,0.0027417910168878734,50,dual_gap,RGD,3,3,,2,2
-3.495265737593712,-3.4952657725965497,1.0014356602664747e-08,7.493008196574825e-05,9.213076096656004e-05,2.092405189020914e-15,3,1e-06,0.5332914093424824,2.3819710857964023e-13,-2.3873090398640876e-09,2.8292471638717887e-05,0.000962500023888424,6,dual_gap,Fixed point,3,3,,2,2
-3.4952657450108555,-3.4952657450168805,1.723748278263485e-12,7.684056563466206e-07,5.031183678008526e-07,8.209489209838051e-16,3,1e-06,3.7795335088897076e-07,2.482045267020193e-13,-1.805520595101272e-13,1.5450135790962067e-07,0.0028478329768404365,50,dual_gap,RGD,3,3,,2,3
-3.4952657134992546,-3.49526586214123,4.252665958950076e-08,0.00015449574252969308,0.00018990178573803185,1.8145785288252878e-15,3,1e-06,0.5333453939900671,2.3835573678437055e-13,-1.0138058340560467e-08,5.831759827396476e-05,0.0009529580129310489,6,dual_gap,Fixed point,3,3,,2,3
-3.4952657450104585,-3.495265745018656,2.3452988478270275e-12,8.743956289231665e-07,8.158351009643201e-07,1.246291489175895e-15,3,1e-06,4.326395156251114e-07,2.5238707353836305e-13,-3.3992874539952515e-13,2.505327552979402e-07,0.0026052090106531978,50,dual_gap,RGD,3,3,,2,4
-3.495265678457235,-3.495265992420825,8.982538630129409e-08,0.00022449971669515623,0.0002759783056537196,2.6105094502028437e-15,3,1e-06,0.5333929706631995,2.3823248433426823e-13,-2.1413720715538827e-08,8.475188620303382e-05,0.0010783750039990991,6,dual_gap,Fixed point,3,3,,2,4
-4.085657097118366,-4.085657161196261,1.5683620398606682e-08,5.776540735038205e-05,0.000114184474022529,1.3442992274334483e-15,4,1e-06,5.0447838717029096e-05,7.029896750951284e-14,-1.1036820158670572e-09,1.1190240062925201e-05,0.003111250000074506,50,dual_gap,RGD,10,3,,0,0
-4.085657089690684,-4.085657158785343,1.691151710842245e-08,0.00010136745515729451,0.00014492395048151997,1.5724961824149293e-15,3,1e-06,0.7060252333628659,7.923081343725486e-14,-1.346635628695443e-09,1.420272440954297e-05,0.0008441670215688646,4,dual_gap,Fixed point,10,3,,0,0
-4.085657114138837,-4.085657114243559,2.5631510875144957e-11,3.5198148950220297e-06,4.650966428010565e-06,1.0372133627847422e-15,4,1e-06,2.7917594675911148e-06,7.019084723208283e-14,-1.730936418988825e-12,4.5580128923856874e-07,0.004648915986763313,75,dual_gap,RGD,10,3,,0,1
-4.08565699491802,-4.085657299390672,7.45223233164871e-08,0.0002235637096072994,0.00031211782314177625,3.533490957618803e-15,3,1e-06,0.7059552116110855,7.684570165307327e-14,-5.786893890314917e-09,3.058773550880184e-05,0.0007259169942699373,3,dual_gap,Fixed point,10,3,,0,1
-4.0856569969869145,-4.085657363396411,8.968190349603218e-08,0.00018046555064276033,0.0002812188162380887,1.2004762756667833e-15,4,1e-06,0.00015305757061353972,7.106008172642428e-14,-6.383830967136454e-09,2.7559842919397342e-05,0.003132457990432158,50,dual_gap,RGD,10,3,,0,2
-4.085657109787126,-4.085657122598499,3.1356944704671207e-09,4.419435011677801e-05,6.160496901456516e-05,4.879063774905441e-15,3,1e-06,0.705996250910956,8.096186382362182e-14,-2.54273973555376e-10,6.037376858593472e-06,0.0009191659919451922,4,dual_gap,Fixed point,10,3,,0,2
-4.085657097100577,-4.08565717230056,1.8405847907011906e-08,5.991234488691962e-05,0.0001117933482688245,1.2671825850091663e-15,4,1e-06,5.359259966326801e-05,7.080430119817932e-14,-1.3063742400291825e-09,1.0955906390885023e-05,0.003273207985330373,50,dual_gap,RGD,10,3,,0,3
-4.085657037534337,-4.085657251843076,5.2453922780679175e-08,0.00017720234162546956,0.0002563416781723802,3.677829836542383e-15,3,1e-06,0.7059708677498606,7.688297080174938e-14,-4.067003529659307e-09,2.512196488153214e-05,0.0008629579970147461,4,dual_gap,Fixed point,10,3,,0,3
-4.08565709434562,-4.085657177941814,2.046089332431567e-08,6.016417553466453e-05,0.00012327026843950495,1.3302558776505251e-15,4,1e-06,5.433818237278549e-05,7.056783306745387e-14,-1.4449533803432028e-09,1.2080660816112365e-05,0.003253208997193724,50,dual_gap,RGD,10,3,,0,4
-4.085657097734594,-4.085657138819069,1.0055781360584479e-08,8.564214098484095e-05,0.00012326113472126797,4.703138554571736e-15,3,1e-06,0.706013943473604,7.366012369501596e-14,-7.480556725180332e-10,1.2079819849359948e-05,0.0010531670122873038,4,dual_gap,Fixed point,10,3,,0,4
-3.5708459306837774,-3.5708459341640273,9.746289628928341e-10,8.636961145245509e-06,2.308370204930565e-05,1.9461280262721714e-15,4,1e-06,9.991803141277958e-06,6.762830603293559e-14,-6.610020208329891e-11,2.297626010258574e-06,0.004721292003523558,75,dual_gap,RGD,10,3,,1,0
-3.5708458828130416,-3.570845991398371,3.040885358267866e-08,0.00013346137989438556,0.00018827835252246679,3.0045550825791264e-15,3,1e-06,0.6823448579820738,6.933132961176515e-14,-2.1642623790791714e-09,1.8740163651875753e-05,0.0009611670102458447,4,dual_gap,Fixed point,10,3,,1,0
-3.570845931077192,-3.5708459326523068,4.411040789029707e-10,5.807155744213551e-06,1.531784781369204e-05,2.1762349453891914e-15,4,1e-06,6.733888458186082e-06,6.74735871983024e-14,-2.9820068606260013e-11,1.5246551645170535e-06,0.004495375003898516,75,dual_gap,RGD,10,3,,1,1
-3.5708459136609716,-3.5708459507579917,1.038886051636204e-08,8.23973031186514e-05,0.0001127538567158409,1.857146628284262e-15,3,1e-06,0.6823321701474168,6.930406326426738e-14,-7.4203186619971e-10,1.1222889227345927e-05,0.0012445829925127327,6,dual_gap,Fixed point,10,3,,1,1
-3.570845931324415,-3.5708459316154455,8.150178320732464e-11,4.053947702511285e-06,7.036720919976342e-06,2.036482351064963e-15,4,1e-06,3.814937787056672e-06,7.029791015121176e-14,-5.679953558449653e-12,7.003968847047345e-07,0.004741415992612019,75,dual_gap,RGD,10,3,,1,2
-3.57084590697384,-3.5708459601410447,1.4889246482770767e-08,9.547296728924462e-05,0.0001333285410452761,2.3416533774486916e-15,3,1e-06,0.6823064718215858,6.928016447176733e-14,-1.0602724147714099e-09,1.327081835515157e-05,0.0010062080109491944,5,dual_gap,Fixed point,10,3,,1,2
-3.5708457887405247,-3.5708461368069204,9.747449660333326e-08,0.00022107495988054943,0.00031299233202973655,2.040520500253941e-15,4,1e-06,0.0001964039554266144,6.766303149772693e-14,-6.630153083656384e-09,3.115355350598593e-05,0.0032335830037482083,50,dual_gap,RGD,10,3,,1,3
-3.5708458986874905,-3.5708459623236286,1.7821026149615727e-08,0.00011561387246364868,0.00015773949617050253,2.6723881188998534e-15,3,1e-06,0.6823210052568481,6.544875408566652e-14,-1.231031255757544e-09,1.570057802012341e-05,0.0010081249929498881,5,dual_gap,Fixed point,10,3,,1,3
-3.5708459312666,-3.570845931822447,1.5566253340057373e-10,5.0382207924567264e-06,9.722324605719894e-06,1.9067491424136058e-15,4,1e-06,4.7643488834348005e-06,7.086885994315054e-14,-1.0991186743243195e-11,9.677072522342346e-07,0.004509874997893348,75,dual_gap,RGD,10,3,,1,4
-3.570845780366091,-3.570846113735692,9.335872264392471e-08,0.0002366714432348082,0.00033722269780429626,2.2673315848098615e-15,3,1e-06,0.6822908509574004,6.902231516383413e-14,-6.6447712304287355e-09,3.356547438771179e-05,0.0010019999754149467,5,dual_gap,Fixed point,10,3,,1,4
-3.235914341471505,-3.235914341643203,5.306004702122051e-11,3.464886221999598e-06,6.9096246048241704e-06,1.2473961756327055e-15,4,1e-06,3.924902931474652e-06,6.76176390915201e-14,-3.5261891304777954e-12,7.446075677702956e-07,0.0031648750009480864,50,dual_gap,RGD,10,3,,2,0
-3.235914295312675,-3.235914393502922,3.0343896062545174e-08,0.00012733418214780134,0.00017699256327110752,4.130110460980833e-15,3,1e-06,0.805197436262334,8.003677899138063e-14,-2.4331278491072773e-09,1.9073353530898832e-05,0.0008457080111838877,4,dual_gap,Fixed point,10,3,,2,0
-3.235914341523997,-3.2359143415476326,7.304198294914786e-12,1.3838052041962965e-06,2.6274639771886308e-06,1.104705372445656e-15,4,1e-06,1.5394728777206063e-06,7.907394740591117e-14,-4.995370773983074e-13,2.83145564816249e-07,0.003074542008107528,50,dual_gap,RGD,10,3,,2,1
-3.235914327044345,-3.2359143615885566,1.0675255275638442e-08,7.031503567818746e-05,0.00010853390185416666,1.961102866097663e-15,3,1e-06,0.805224800389059,7.866932721693523e-14,-8.456914183406447e-10,1.169602411379667e-05,0.000995791022432968,5,dual_gap,Fixed point,10,3,,2,1
-3.235914341283348,-3.235914341852609,1.759197007950015e-10,7.017643462534202e-06,1.4116430299192636e-05,1.2090123739963028e-15,4,1e-06,7.860630793063021e-06,6.683857888423946e-14,-1.1690327603353651e-11,1.5212405061427519e-06,0.0033079999848268926,50,dual_gap,RGD,10,3,,2,2
-3.2359142147742435,-3.2359144847969663,8.3445575168586e-08,0.00020953869149515616,0.00029030659875758485,2.8572670380316304e-15,3,1e-06,0.8053004773020269,8.011458094698946e-14,-6.687828211159025e-09,3.128463503836664e-05,0.0007413330022245646,3,dual_gap,Fixed point,10,3,,2,2
-3.235914341481831,-3.23591434160139,3.6947526024039755e-11,3.0927560080203736e-06,6.412548944593106e-06,1.1464157243778786e-15,4,1e-06,3.500886095652528e-06,6.93569486583838e-14,-2.5120658734482712e-12,6.910407939695599e-07,0.0033203749917447567,50,dual_gap,RGD,10,3,,2,3
-3.235914334296238,-3.2359143522093916,5.535731721089396e-09,4.988882927202638e-05,8.259019697241895e-05,3.524560147500292e-15,3,1e-06,0.805228411527853,7.425723096096926e-14,-4.187497581114156e-10,8.900234940052265e-06,0.0010093330056406558,5,dual_gap,Fixed point,10,3,,2,3
-3.235914340064492,-3.2359143450195087,1.5312571102177411e-09,1.7423252474340048e-05,3.293175826283831e-05,1.6099051179430377e-15,4,1e-06,2.0150438846855667e-05,7.040214497743102e-14,-1.0836967997095958e-10,3.5488521943324893e-06,0.003198958991561085,50,dual_gap,RGD,10,3,,2,4
-3.2359143111171886,-3.2359143696769364,1.809681656786705e-08,0.00010524940283539664,0.0001375036980785413,4.145347869640874e-15,3,1e-06,0.80528792844828,7.672232785376573e-14,-1.4182531557447912e-09,1.481795971778984e-05,0.000861082982737571,4,dual_gap,Fixed point,10,3,,2,4
-3.249762345740109,-3.2497623475440687,5.551050988981942e-10,4.871923847573781e-06,1.0324493281260807e-05,2.9571083870614236e-15,4,1e-06,9.224886261023224e-06,3.006083788437287e-14,-1.6698272720772472e-11,7.046449715864049e-07,0.0061829580226913095,75,dual_gap,RGD,25,3,,0,0
-3.2497623381214447,-3.2497623559350814,5.481519857287526e-09,3.638386421873496e-05,5.001610092645479e-05,2.0812337875135382e-15,3,1e-06,0.663793734011714,3.0590021528999106e-14,-1.6762975623824325e-10,3.4135930842538767e-06,0.0012482920137699693,4,dual_gap,Fixed point,25,3,,0,0
-3.2497623459181937,-3.249762346901445,3.025609732434346e-10,3.2816699553417556e-06,7.66689111645637e-06,2.9526142290756346e-15,4,1e-06,6.306917701896889e-06,3.012630897257096e-14,-9.12580734803861e-12,5.232640600941619e-07,0.005922417010879144,75,dual_gap,RGD,25,3,,0,1
-3.2497623440959016,-3.249762349370992,1.6232234939114018e-09,1.667883193921806e-05,2.5307250856390385e-05,4.177772099446516e-15,3,1e-06,0.663800637691753,2.930396339529109e-14,-4.759507892476022e-11,1.7272185291690332e-06,0.0013011250121053308,4,dual_gap,Fixed point,25,3,,0,1
-3.249762284011408,-3.249762527194942,7.48311760989648e-08,6.199755532729058e-05,0.0001339928167568974,3.1621634977541618e-15,4,1e-06,0.0001045720531577419,3.095574075347486e-14,-2.3167055167655206e-09,9.144988080823169e-06,0.0041284579783678055,50,dual_gap,RGD,25,3,,0,2
-3.249762337691402,-3.2497623592010974,6.618851818398157e-09,3.525773039635031e-05,5.227052338932227e-05,3.851516934257087e-15,3,1e-06,0.6637807754569908,3.058597560262589e-14,-2.020573510883064e-10,3.5674510889385343e-06,0.0012700420047622174,4,dual_gap,Fixed point,25,3,,0,2
-3.2497623438547465,-3.2497623514146485,2.326293814071753e-09,2.4202684830418685e-05,2.0587362557455007e-05,2.7416789183383495e-15,4,1e-06,3.560106001348572e-05,3.098072502433271e-14,-7.204939680440752e-11,1.4050841168072689e-06,0.006031041993992403,75,dual_gap,RGD,25,3,,0,3
-3.249762341711083,-3.249762350730307,2.775348805827218e-09,2.6482251238317536e-05,3.731572207987899e-05,2.7054260769870304e-15,3,1e-06,0.6637742259475441,3.065563380089902e-14,-8.49366194431308e-11,2.546790834850739e-06,0.0011914159986190498,4,dual_gap,Fixed point,25,3,,0,3
-3.2497622795789938,-3.2497625889651123,9.52026923465479e-08,5.895496224388941e-05,0.00013466354877963502,2.98973827919641e-15,4,1e-06,0.00011190025398659777,3.024996794812229e-14,-2.8823141528488355e-09,9.190765735766277e-06,0.006291792000411078,75,dual_gap,RGD,25,3,,0,4
-3.2497623423529625,-3.2497623506070688,2.539910743558192e-09,2.395727246384578e-05,3.3222389067912654e-05,1.6608327555684408e-15,3,1e-06,0.6637748666610497,2.984494997028292e-14,-7.587901792626776e-11,2.26741987928645e-06,0.0011628339998424053,4,dual_gap,Fixed point,25,3,,0,4
-3.773855713893594,-3.7738558423000925,3.4025280259231137e-08,5.2227634614839804e-05,0.00010895380507671783,2.535796498609717e-15,4,1e-06,7.546861858504189e-05,2.7251927775024358e-14,-9.312368520396154e-10,6.691747568579493e-06,0.006157750001875684,75,dual_gap,RGD,25,3,,1,0
-3.7738557350703648,-3.773855771679727,9.700784761904147e-09,4.9348974943336426e-05,7.215143117097308e-05,6.321290941790992e-15,3,1e-06,0.7812822660368135,2.9338523302158294e-14,-2.846345835953764e-10,4.431410423110105e-06,0.0011555840028449893,4,dual_gap,Fixed point,25,3,,1,0
-3.7738557194536626,-3.7738558339443378,3.033785170230232e-08,4.381597716884304e-05,9.742196751013839e-05,2.7265059982437082e-15,4,1e-06,6.9769382426152e-05,2.636014291020224e-14,-7.995550670902413e-10,5.98348275888074e-06,0.004128750006202608,50,dual_gap,RGD,25,3,,1,1
-3.773855739955262,-3.77385576226497,5.911648297172385e-09,4.131967148957543e-05,5.558282230349619e-05,2.245192617904345e-15,3,1e-06,0.7812998163712136,2.9414369880219063e-14,-1.7411395475619533e-10,3.4137990141720708e-06,0.0014616670086979866,5,dual_gap,Fixed point,25,3,,1,1
-3.7738557233202337,-3.773855814036334,2.403804147804736e-08,4.256077279106323e-05,8.894266055442121e-05,2.5223156298243668e-15,4,1e-06,6.547211326457416e-05,2.6175889856159598e-14,-6.294754277170361e-10,5.462698894026124e-06,0.006098165991716087,75,dual_gap,RGD,25,3,,1,2
-3.7738557317015244,-3.773855774467625,1.1332203316489333e-08,5.5597024803699496e-05,8.095921392444162e-05,2.444498101239618e-15,3,1e-06,0.7813239440353144,2.824770171345217e-14,-3.2261773770968917e-10,4.972370694998879e-06,0.0011939590040128678,4,dual_gap,Fixed point,25,3,,1,2
-3.7738556964119456,-3.773855861703669,4.379916369795687e-08,5.2914495777310646e-05,0.00013482802170758536,2.75636178770249e-15,4,1e-06,8.409190131689557e-05,2.8369470168082717e-14,-1.2510660062602624e-09,8.28089562568379e-06,0.004244957992341369,50,dual_gap,RGD,25,3,,1,3
-3.7738556673434616,-3.77385586724603,5.297037987070603e-08,0.00012248335329170248,0.0001743236480399404,3.2527077801624426e-15,3,1e-06,0.7813495598371537,2.913444683339773e-14,-1.5550459351388395e-09,1.070670614873301e-05,0.0011930830078199506,4,dual_gap,Fixed point,25,3,,1,3
-3.7738557495802834,-3.7738557502421477,1.7538146262882621e-10,4.052474898206277e-06,7.5520266549226935e-06,2.685003422147659e-15,4,1e-06,6.216191354799088e-06,2.6962777025500318e-14,-4.718589433033583e-12,4.638319446385168e-07,0.006316125014564022,75,dual_gap,RGD,25,3,,1,4
-3.7738557416643825,-3.7738557644210227,6.0300768459729e-09,3.7011118239822374e-05,5.6570225714388026e-05,4.15968698734004e-15,3,1e-06,0.7813358844483971,2.931039462335907e-14,-1.7695246712802668e-10,3.474446801848072e-06,0.0014172079972922802,5,dual_gap,Fixed point,25,3,,1,4
-3.001764019573937,-3.0017640195960866,7.378940308184342e-12,1.0646021902632539e-06,9.867888122760352e-07,2.5106907149112197e-15,4,1e-06,1.884740797004133e-06,3.023338782231188e-14,-1.9283677535582561e-13,6.989484767187828e-08,0.006183208985021338,75,dual_gap,RGD,25,3,,2,0
-3.0017638469520707,-3.001764146760333,9.987736461038928e-08,0.00016733223342437316,0.00022378326665538204,2.112752732395411e-15,3,1e-06,0.6649292332775418,2.9944199759477235e-14,-3.0594517721551563e-09,1.585069972350389e-05,0.0009862919978331774,3,dual_gap,Fixed point,25,3,,2,0
-3.001764016529262,-3.001764022418537,1.9619379848457453e-09,1.6716258640425595e-05,2.874906026833908e-05,2.172904707502843e-15,4,1e-06,3.0093202790305e-05,3.004146526646979e-14,-5.894599070252368e-11,2.036313304808311e-06,0.004290291981305927,50,dual_gap,RGD,25,3,,2,1
-3.00176399567202,-3.0017640539497137,1.941448223973845e-08,5.6324147969609416e-05,8.616597566252047e-05,3.873089283309021e-15,3,1e-06,0.664893720436547,3.003027865180248e-14,-5.86259302152728e-10,6.103185821245983e-06,0.0011632499808911234,4,dual_gap,Fixed point,25,3,,2,1
-3.0017640195657838,-3.00176401961368,1.595606891073576e-11,1.5817782172036861e-06,1.5125413098794535e-06,2.261449920863985e-15,4,1e-06,2.8006531089819885e-06,3.0116615173635996e-14,-4.5096356920519316e-13,1.0713421467431694e-07,0.006056040991097689,75,dual_gap,RGD,25,3,,2,2
-3.0017639926603485,-3.001764064047672,2.3781790901136015e-08,6.0099451003256986e-05,8.858014300261842e-05,2.414873197313528e-15,3,1e-06,0.6649179911890026,3.0603915151546566e-14,-7.273276406320392e-10,6.274196186638726e-06,0.0009797500097192824,3,dual_gap,Fixed point,25,3,,2,2
-3.0017639641502796,-3.001764190947812,7.555475214528754e-08,6.652210949954747e-05,0.0001050757498347655,1.6932840518571612e-15,4,1e-06,0.00013251821766686357,3.0324802700620865e-14,-2.289230387270515e-09,7.4425792852996115e-06,0.004419875011080876,50,dual_gap,RGD,25,3,,2,3
-3.0017639946250876,-3.0017640428876637,1.607807150867689e-08,6.367977884868413e-05,9.237211004211857e-05,7.882235267685328e-15,3,1e-06,0.6648560042424397,2.968410159305701e-14,-4.860531502717799e-10,6.5427654975237585e-06,0.0011822500091511756,4,dual_gap,Fixed point,25,3,,2,3
-3.001764019502177,-3.0017640197516418,8.310609747017874e-11,3.6065025135779478e-06,3.5260784350396105e-06,2.0389207142820994e-15,4,1e-06,6.408980930011765e-06,3.022381254149921e-14,-2.476073276990343e-12,2.4975426559802584e-07,0.006083791988203302,75,dual_gap,RGD,25,3,,2,4
-3.001764014983532,-3.0017640235697387,2.860387030346602e-09,2.6011073184080627e-05,3.322662768933605e-05,3.2717374666606073e-15,3,1e-06,0.6649018259246477,3.0795525842673345e-14,-8.833043126255046e-11,2.3534649677260123e-06,0.0011755000159610063,4,dual_gap,Fixed point,25,3,,2,4
-3.338798210731314,-3.338798231635361,6.260949484966796e-09,1.3362046977153282e-05,2.8302436363638034e-05,2.8465298808108935e-15,4,1e-06,3.330740586609027e-05,1.4251614139005056e-14,-8.925911965435438e-11,1.332852310816762e-06,0.011127249978017062,100,dual_gap,RGD,50,3,,0,0
-3.338798212864495,-3.338798219310098,1.9305158045775683e-09,1.6380811967973932e-05,2.279370520856797e-05,2.811467801121845e-15,3,1e-06,0.7476588457570132,1.4623020262927836e-14,-2.823703949318469e-11,1.073429319320391e-06,0.0017339589830953628,4,dual_gap,Fixed point,50,3,,0,0
-3.3387982152134423,-3.3387982172663193,6.148550607715996e-10,6.016246620439046e-06,1.0405420243163588e-05,2.996710013727588e-15,4,1e-06,1.3248289305399164e-05,1.4518503508914058e-14,-8.93376691616259e-12,4.900245405322932e-07,0.008336707978742197,75,dual_gap,RGD,50,3,,0,1
-3.338798203505071,-3.3387982373198626,1.0127833235294958e-08,3.084998490624688e-05,5.0229878641897497e-05,3.63433388140701e-15,3,1e-06,0.7477093471434787,1.4074736214637733e-14,-1.428260873317376e-10,2.3654950692602986e-06,0.0017532079946249723,4,dual_gap,Fixed point,50,3,,0,1
-3.338798215760784,-3.3387982163996845,1.9135642431289242e-10,2.222054170887362e-06,5.1872627852201094e-06,2.6452869977408307e-15,4,1e-06,5.665504179032917e-06,1.4149938596787228e-14,-2.699652479957726e-12,2.442848057236578e-07,0.00825104201794602,75,dual_gap,RGD,50,3,,0,2
-3.338798200129225,-3.3387982410136243,1.2245244237861481e-08,3.4166794878763645e-05,5.436506957328736e-05,3.283158283809651e-15,3,1e-06,0.7476937629303511,1.4259936023823536e-14,-1.7511574021305862e-10,2.560231786990945e-06,0.0017378329939674586,4,dual_gap,Fixed point,50,3,,0,2
-3.3387982033180306,-3.3387982384822377,1.053199533495484e-08,2.651713839951291e-05,4.1419052565889986e-05,3.6292159671240744e-15,4,1e-06,6.012610730602687e-05,1.4553952361260196e-14,-1.5367618386941985e-10,1.9505557513833715e-06,0.00838225000188686,75,dual_gap,RGD,50,3,,0,3
-3.33879818322794,-3.338798259522178,2.2850808539910767e-08,5.190967899736604e-05,7.73591539897093e-05,3.561520746454346e-15,3,1e-06,0.7476545680024558,1.4798271956874848e-14,-3.383197747283038e-10,3.6430966646181702e-06,0.001881416974356398,4,dual_gap,Fixed point,50,3,,0,3
-3.338798215648874,-3.33879821667603,3.0764247240472455e-10,3.3326021964131064e-06,6.714821770341938e-06,2.6072084802877606e-15,4,1e-06,7.818367038811213e-06,1.4288172917088626e-14,-4.381276233924927e-12,3.162224471034044e-07,0.011030875000869855,100,dual_gap,RGD,50,3,,0,4
-3.3387982124183955,-3.338798221234416,2.6404771409639843e-09,1.6481952728153226e-05,2.449413064128465e-05,4.370000464381219e-15,3,1e-06,0.7476358162614494,1.4141828539135086e-14,-3.7314537247915336e-11,1.1535062367974614e-06,0.0017415000183973461,4,dual_gap,Fixed point,50,3,,0,4
-3.343323468403668,-3.3433234686934044,8.666114354241547e-11,1.7182316832447196e-06,4.305812481930572e-06,2.4756477361840198e-15,4,1e-06,4.371575741826694e-06,1.4150072787240302e-14,-1.2119981028857997e-12,1.9850508710680865e-07,0.008464708982501179,75,dual_gap,RGD,50,3,,1,0
-3.3433234587113234,-3.343323483551811,7.429878607782656e-09,2.7903168037887157e-05,4.4911279361203215e-05,4.538990888097628e-15,3,1e-06,0.9190589055700183,1.3959438924586114e-14,-1.0310453154592117e-10,2.0704841138824052e-06,0.0017426249978598207,4,dual_gap,Fixed point,50,3,,1,0
-3.3433233798936355,-3.3433235989030097,6.550648839675865e-08,9.738493498527565e-05,0.0001011228239242134,2.54946576014807e-15,4,1e-06,0.00024757943208850804,1.4104904130768436e-14,-9.248002023065838e-10,4.6619298133995775e-06,0.005911958985961974,50,dual_gap,RGD,50,3,,1,1
-3.343323361896776,-3.343323576773721,6.427046440524415e-08,9.505848004176813e-05,0.00013493816678922523,4.517637963108613e-15,3,1e-06,0.9192320528244464,1.4198215452748306e-14,-9.211108834710283e-10,6.220889933605176e-06,0.001801125006750226,4,dual_gap,Fixed point,50,3,,1,1
-3.3433234683635997,-3.343323468636707,8.168737399342765e-11,4.234570839212426e-06,3.836701283622212e-06,2.3881368245947396e-15,4,1e-06,1.0778385156312789e-05,1.3789778038953225e-14,-1.1140418038703484e-12,1.7687828387756922e-07,0.012878957990324125,75,dual_gap,RGD,50,3,,1,2
-3.3433234145192654,-3.3433235319923704,3.5136626181944e-08,6.557203082918843e-05,0.00010395680080519439,3.5220491090173245e-15,3,1e-06,0.9190308836951259,1.3826881923489445e-14,-4.876009763431172e-10,4.792579451061572e-06,0.012180999998236075,4,dual_gap,Fixed point,50,3,,1,2
-3.3433233690233086,-3.343323596630365,6.807808614094909e-08,0.0001082167330973016,0.00010195363706904428,3.115102423563789e-15,4,1e-06,0.000275387157659679,1.3999562002609079e-14,-9.537043858345648e-10,4.7002316791147956e-06,0.007749584008706734,50,dual_gap,RGD,50,3,,1,3
-3.343323354214369,-3.343323628813321,8.213353076698091e-08,9.506632636912614e-05,0.00013653323453189124,3.01378604680465e-15,3,1e-06,0.9188915068247282,1.4216285466426337e-14,-1.166379034805037e-09,6.294392836246742e-06,0.0019220829999540001,4,dual_gap,Fixed point,50,3,,1,3
-3.3433234343245806,-3.3433234982442843,1.911861206605161e-08,6.437355315330521e-05,5.880446650549439e-05,2.8528221047102164e-15,4,1e-06,0.00016426804802536037,1.4123933168920434e-14,-2.701576306228555e-10,2.7109833250726207e-06,0.005820749996928498,50,dual_gap,RGD,50,3,,1,4
-3.3433234615801553,-3.3433234791470556,5.254322706332845e-09,2.3568833278128632e-05,3.8126664369487336e-05,2.1848253195349232e-15,3,1e-06,0.9190555584993465,1.3852729292087066e-14,-7.287695794256487e-11,1.7577028282394854e-06,0.002021457999944687,5,dual_gap,Fixed point,50,3,,1,4
-3.307823883575703,-3.3078238840626546,1.4721213382134e-10,3.6138118594078412e-06,4.323482446307341e-06,2.462475822802703e-15,4,1e-06,8.939149702620094e-06,1.4048096700542042e-14,-2.0614945044641473e-12,2.0280298475031916e-07,0.008465374994557351,75,dual_gap,RGD,50,3,,2,0
-3.307823870151366,-3.307823900628527,9.213658886160115e-09,3.2855759457896896e-05,4.866440001306771e-05,3.0488605020312856e-15,3,1e-06,0.7622491183776259,1.4106909685864235e-14,-1.3015447889985132e-10,2.2827247182410786e-06,0.0017097909876611084,4,dual_gap,Fixed point,50,3,,2,0
-3.3078238833560767,-3.307823884414504,3.199768672840095e-10,5.419004819892502e-06,6.692791212073773e-06,1.8984156403823824e-15,4,1e-06,1.3404063411774593e-05,1.426778964346283e-14,-4.572758920647799e-12,3.1394091477601934e-07,0.008494665991747752,75,dual_gap,RGD,50,3,,2,1
-3.3078238056836815,-3.30782401772767,6.410377367308298e-08,7.69236515890003e-05,0.0001241198763112386,4.2021056850129104e-15,3,1e-06,0.7620709020040296,1.4280553330663956e-14,-9.176942711020921e-10,5.822091861918203e-06,0.0018014999805018306,4,dual_gap,Fixed point,50,3,,2,1
-3.307823883582915,-3.3078238839778487,1.1939386052270742e-10,3.6764959643438357e-06,4.074022434401298e-06,2.100193942811006e-15,4,1e-06,9.056332116513391e-06,1.4257869509927757e-14,-1.6922222031823755e-12,1.911014835554543e-07,0.008542458002921194,75,dual_gap,RGD,50,3,,2,2
-3.3078238801540745,-3.307823889227808,2.7431125867080054e-09,1.631399049685003e-05,2.5542287907586854e-05,3.343073348572277e-15,3,1e-06,0.762158891933576,1.4344113507828008e-14,-3.9399885405852664e-11,1.1981186569042773e-06,0.001740291016176343,4,dual_gap,Fixed point,50,3,,2,2
-3.307823881539117,-3.3078238874928068,1.7998810561223725e-09,1.46366706901345e-05,1.627626860385404e-05,1.9770175511508494e-15,4,1e-06,3.5602280245595565e-05,1.4192373271304925e-14,-2.5529937440238205e-11,7.634761785190225e-07,0.008377291989745572,75,dual_gap,RGD,50,3,,2,3
-3.307823822336815,-3.3078239484597582,3.812867612497505e-08,6.972209356929657e-05,0.0001074350384547347,4.0043249692746395e-15,3,1e-06,0.7621778896755312,1.4995600818885086e-14,-5.725146097291318e-10,5.039495586684906e-06,0.001824915991164744,4,dual_gap,Fixed point,50,3,,2,3
-3.3078238151217647,-3.307823980915304,5.0121635434098856e-08,5.6082870444409e-05,0.00010062824798691994,1.8397203639745646e-15,4,1e-06,0.00014075897903802025,1.4259673342587937e-14,-7.140312022035525e-10,4.72020175949188e-06,0.005833875009557232,50,dual_gap,RGD,50,3,,2,4
-3.3078238601638597,-3.307823912852221,1.5928405942057532e-08,4.247949488155583e-05,6.420435492542097e-05,2.472705644371212e-15,3,1e-06,0.7621886133844741,1.475955611537007e-14,-2.356239317989582e-10,3.0116575754813915e-06,0.0018502499733585864,4,dual_gap,Fixed point,50,3,,2,4
-3.40876445967904,-3.408764460405941,2.1324477372736402e-10,2.6227491843595875e-06,4.967866944179515e-06,3.0764982194844207e-15,4,1e-06,9.05823835472321e-06,7.0795202832781504e-15,-1.5031367339335045e-12,1.6039958663606178e-07,0.01333504100330174,75,dual_gap,RGD,100,3,,0,0
-3.4087644527669183,-3.4087644692958947,4.848964086205872e-09,1.8113683624821734e-05,2.549884003183663e-05,2.96135271347984e-15,3,1e-06,0.8626391707074539,7.133713637182672e-15,-3.440593780932788e-11,8.232908150722272e-07,0.002863749978132546,4,dual_gap,Fixed point,100,3,,0,0
-3.4087644587369526,-3.408764461895465,9.265857470764925e-10,6.943010602602241e-06,9.137792641715092e-06,2.5576747720460353e-15,4,1e-06,2.3630762622935318e-05,7.133619238398513e-15,-6.606427286267601e-12,2.950357123794678e-07,0.013085832993965596,75,dual_gap,RGD,100,3,,0,1
-3.40876443066843,-3.4087645019901993,2.092305608965474e-08,3.535459271480168e-05,5.351454058707533e-05,3.9736959366384016e-15,3,1e-06,0.8627583153422761,6.933523018639532e-15,-1.448962577225506e-10,1.727851531120366e-06,0.0028422909963410348,4,dual_gap,Fixed point,100,3,,0,1
-3.4087644496434186,-3.4087644804788138,9.045915486881604e-09,1.702113653917363e-05,2.79538429057355e-05,2.8972055174330017e-15,4,1e-06,5.885474242630297e-05,7.0677099114386226e-15,-6.40324163326503e-11,9.025573576407534e-07,0.01311429199995473,75,dual_gap,RGD,100,3,,0,2
-3.408764421356145,-3.408764512374931,2.6701401032988162e-08,3.931867589105998e-05,5.9256868311304846e-05,3.2989878494875323e-15,3,1e-06,0.8627800703541156,7.066320926627488e-15,-1.8839817246940902e-10,1.913257723354817e-06,0.0028149580175522715,4,dual_gap,Fixed point,100,3,,0,2
-3.4087644535435757,-3.4087644719449663,5.398258191275757e-09,1.6789373221079162e-05,2.0920158778831564e-05,2.8593540779527453e-15,4,1e-06,5.66072362302935e-05,6.938137315469762e-15,-3.732711947533781e-11,6.754578706390897e-07,0.013602916995296255,75,dual_gap,RGD,100,3,,0,3
-3.408764347885127,-3.4087646033827843,7.495315932056647e-08,6.946010931733047e-05,0.00010071399423780267,3.8445325724217064e-15,3,1e-06,0.8626598815966399,7.190513487542434e-15,-5.406383957343413e-10,3.2517962346125052e-06,0.002826500014634803,4,dual_gap,Fixed point,100,3,,0,3
-3.408764459430708,-3.408764460943874,4.4390454515818694e-10,4.10595883575215e-06,6.4394215047189664e-06,2.9450780519782226e-15,4,1e-06,1.3874584890123264e-05,6.957474906093149e-15,-3.0868864737007904e-12,2.0791228090440447e-07,0.01293991701095365,75,dual_gap,RGD,100,3,,0,4
-3.4087644562542776,-3.408764464177684,2.32442178893191e-09,1.2598110478436428e-05,1.6967250473995384e-05,5.274223281371452e-15,3,1e-06,0.8626768073206231,6.9093234334706056e-15,-1.6056448456947093e-11,5.478287497414847e-07,0.0030431670020334423,4,dual_gap,Fixed point,100,3,,0,4
-3.2596685215290515,-3.259668522672401,3.5075634457714355e-10,3.98383279161271e-06,6.073687016363017e-06,2.9630210084659665e-15,4,1e-06,1.4480638164586005e-05,7.026560560974196e-15,-2.4534769093785467e-12,2.0006087196335565e-07,0.013503541995305568,75,dual_gap,RGD,100,3,,1,0
-3.259668515314525,-3.2596685304894644,4.655362794066418e-09,1.6120684011262773e-05,2.594069089275414e-05,2.8863202325285602e-15,3,1e-06,0.8991167426832817,6.9224926441687044e-15,-3.2138646949885404e-11,8.544596786139299e-07,0.002905083994846791,4,dual_gap,Fixed point,100,3,,1,0
-3.2596684911326226,-3.2596685559482164,1.9884105993397817e-08,2.9870613939713118e-05,4.766617418955951e-05,3.234871801141899e-15,4,1e-06,0.00010959348950346984,6.898922426484971e-15,-1.376535129180509e-10,1.5700737299731982e-06,0.009116333007114008,50,dual_gap,RGD,100,3,,1,1
-3.25966842558015,-3.2596686502450387,6.892262021246248e-08,6.207417176864303e-05,9.525497930560764e-05,5.111449143277715e-15,3,1e-06,0.899027231259419,7.034267499085353e-15,-4.838539755903193e-10,3.1375968140715005e-06,0.0028034579881932586,4,dual_gap,Fixed point,100,3,,1,1
-3.2596685219740476,-3.2596685221077912,4.1029841498818846e-11,1.2677715918611228e-06,1.9088910877203312e-06,2.898450232562562e-15,4,1e-06,4.658642847999218e-06,6.932766449714351e-15,-2.7719734219683355e-13,6.28768677796934e-08,0.013153749983757734,75,dual_gap,RGD,100,3,,1,2
-3.2596684759779624,-3.2596685825845135,3.270472194580434e-08,4.2060308185947825e-05,6.674266911457557e-05,3.400291742478e-15,3,1e-06,0.898949333280133,6.908692249269342e-15,-2.2603880560932733e-10,2.198427783664778e-06,0.002758582995738834,4,dual_gap,Fixed point,100,3,,1,2
-3.2596685219768973,-3.259668522090858,3.496086795199025e-11,8.236579183636201e-07,1.928072130965437e-06,3.209138160936814e-15,4,1e-06,3.036470736450037e-06,7.07806552937734e-15,-2.4049369970181697e-13,6.350867120040328e-08,0.01299583399668336,75,dual_gap,RGD,100,3,,1,3
-3.2596684053458858,-3.2596686768425216,8.328964854045874e-08,6.770129400509491e-05,0.00010331138494034348,3.1711528976055458e-15,3,1e-06,0.8991106839234874,7.118205057465311e-15,-5.922472899880138e-10,3.4029716384192064e-06,0.0028921670163981616,4,dual_gap,Fixed point,100,3,,1,3
-3.259668522014073,-3.2596685220342927,6.2030312828219245e-12,6.786619864565792e-07,8.413912354613394e-07,3.1428340089038374e-15,4,1e-06,2.47583502995708e-06,6.8775501865415674e-15,-3.603783280492149e-14,2.7714543696103386e-08,0.012745290994644165,75,dual_gap,RGD,100,3,,1,4
-3.2596684339566306,-3.2596686497288103,6.619451764830454e-08,5.828776465195884e-05,9.649945836865632e-05,3.652774209030052e-15,3,1e-06,0.898990901020386,6.9266547621931885e-15,-4.580058719961591e-10,3.1785871880335193e-06,0.0029434589960146695,4,dual_gap,Fixed point,100,3,,1,4
-3.2915736118199734,-3.291573612528495,2.1525317958006034e-10,2.55362440118348e-06,4.440521730828507e-06,2.151329752467885e-15,4,1e-06,9.389289204360068e-06,7.208008849457125e-15,-1.5456573744513272e-12,1.478468525639284e-07,0.012910084013128653,75,dual_gap,RGD,100,3,,2,0
-3.291573591387008,-3.29157363484769,1.3203618560414945e-08,2.855574543115481e-05,4.168818425944487e-05,3.0284019721710447e-15,3,1e-06,0.832727104746209,7.15368096907983e-15,-9.390656090867355e-11,1.388005825421201e-06,0.002882624976336956,4,dual_gap,Fixed point,100,3,,2,0
-3.291573610786686,-3.2915736135139944,8.285727374145751e-10,8.353459376132158e-06,8.504529209080041e-06,2.301482566705614e-15,4,1e-06,2.9861588762940468e-05,7.224348088541077e-15,-5.965552393943051e-12,2.8315769017075463e-07,0.012888333993032575,75,dual_gap,RGD,100,3,,2,1
-3.29157357000371,-3.291573673366382,3.140220613538336e-08,4.0946984695382075e-05,6.125629124029132e-05,5.20475877512261e-15,3,1e-06,0.8326614228586793,7.2333537718027e-15,-2.2575156612521884e-10,2.0395182408564602e-06,0.0028344999882392585,4,dual_gap,Fixed point,100,3,,2,1
-3.2915736075873254,-3.291573619813415,3.714360039214168e-09,1.269292264417812e-05,1.7654405344212843e-05,2.3099838042577626e-15,4,1e-06,4.539973703395834e-05,7.171308904112621e-15,-2.6608558609230125e-11,5.878021605681101e-07,0.01272774999961257,75,dual_gap,RGD,100,3,,2,2
-3.2915735162768334,-3.2915737352071095,6.651234585755717e-08,6.101446072250143e-05,9.002116780782655e-05,6.2736081046274235e-15,3,1e-06,0.832687813191059,7.11738528614215e-15,-4.726638811412793e-10,2.99724500286411e-06,0.002379167010076344,3,dual_gap,Fixed point,100,3,,2,2
-3.2915735985547125,-3.291573641092075,1.2923108430545807e-08,1.8104900858376704e-05,3.1697092347167434e-05,2.457295759479216e-15,4,1e-06,6.685793380969609e-05,7.148196444080796e-15,-9.276257569868505e-11,1.0553524220037853e-06,0.013160083995899186,75,dual_gap,RGD,100,3,,2,3
-3.2915735901298175,-3.2915736344687074,1.347042339442912e-08,3.0377359239415075e-05,4.4746881334825746e-05,3.0347305069452993e-15,3,1e-06,0.8327118364119226,7.276770811954366e-15,-9.816008632118975e-11,1.4898446154897344e-06,0.0028574169846251607,4,dual_gap,Fixed point,100,3,,2,3
-3.2915736119827645,-3.29157361236063,1.1479776518866148e-10,1.1243661342498967e-06,2.9416060757022352e-06,2.1014906976072697e-15,4,1e-06,4.3768820789693724e-06,7.153594800267556e-15,-8.168024285759942e-13,9.794056332521697e-08,0.016814708011224866,100,dual_gap,RGD,100,3,,2,4
-3.2915735642543975,-3.291573661472656,2.9535496149408954e-08,4.352817142942551e-05,6.411972316478364e-05,3.943695701236907e-15,3,1e-06,0.8327511048654389,7.22049579065846e-15,-2.1335524858628465e-10,2.1348645191310904e-06,0.002810500009218231,4,dual_gap,Fixed point,100,3,,2,4
-1.7020729206806806,-1.7020729207098209,1.71204449691191e-11,1.2959262914565856e-06,2.0428625724342926e-06,8.277182529518821e-16,3,1e-06,1.8353632006711071e-06,7.272170240528916e-14,-1.172319696202893e-12,3.0616739383493336e-07,0.004300665983464569,75,dual_gap,RGD,10,2,,0,0
-1.7020728242073078,-1.7020729751819534,8.870046188790562e-08,0.00017479319311478324,0.00020670583319773182,8.243295247571182e-16,2,1e-06,0.6500032005476635,7.270761545908823e-14,-6.4596169343046895e-09,3.097907653496664e-05,0.0006685830012429506,3,dual_gap,Fixed point,10,2,,0,0
-1.702072825039678,-1.7020729914061459,9.774344874540912e-08,0.0002158424199104691,0.00016377888470572334,6.30795557674364e-16,3,1e-06,0.0002629341149867372,7.316077148978169e-14,-7.153358748345609e-09,2.45458298456889e-05,0.0029041670204605907,50,dual_gap,RGD,10,2,,0,1
-1.7020728737178437,-1.7020729472082183,4.317698484560697e-08,0.00012198842824839367,0.00014422250476731088,7.732490099386567e-16,2,1e-06,0.6500277204340825,7.272469573649699e-14,-3.1442033614903785e-09,2.1614738386356385e-05,0.0006644579989369959,3,dual_gap,Fixed point,10,2,,0,1
-1.7020729206842735,-1.7020729207047183,1.2011681021429435e-11,6.886730969564276e-07,1.6836880083432861e-06,1.076344845848517e-15,3,1e-06,1.18118505099479e-06,7.271990877292879e-14,-8.012626809843621e-13,2.523372724629517e-07,0.004421749996254221,75,dual_gap,RGD,10,2,,0,2
-1.7020729016095633,-1.7020729314675966,1.7542158946797044e-08,7.77300560521262e-05,9.192141363987703e-05,1.0547735904447844e-15,2,1e-06,0.6500483480187694,7.275980828171148e-14,-1.2774188352181234e-09,1.3776366018364816e-05,0.0008179579745046794,4,dual_gap,Fixed point,10,2,,0,2
-1.7020729204764642,-1.7020729211807728,4.1379461652857193e-10,5.617760057753619e-06,9.593624619311573e-06,1.0303740289267093e-15,3,1e-06,8.683792110339045e-06,7.264714066649166e-14,-3.0001728841895945e-11,1.4378133346131607e-06,0.0029721250175498426,50,dual_gap,RGD,10,2,,0,3
-1.7020728846702797,-1.7020729410399977,3.311827508221513e-08,0.00010678613421000925,0.0001262976697148636,1.3145794758930533e-15,2,1e-06,0.6501339662148944,7.278914750917977e-14,-2.411652101790785e-09,1.8928561943246393e-05,0.0007344999758061022,4,dual_gap,Fixed point,10,2,,0,3
-1.702072920683672,-1.7020729207062053,1.323874452062027e-11,7.498609183637831e-07,1.7620034201908977e-06,1.5947203892487945e-15,3,1e-06,1.2683239336093185e-06,7.271946926208727e-14,-8.901361862823157e-13,2.6407454048254796e-07,0.004585459013469517,75,dual_gap,RGD,10,2,,0,4
-1.7020729139135062,-1.702072924518571,6.230675983159889e-09,4.632206147841379e-05,5.4779520140709074e-05,1.0838733730643826e-15,2,1e-06,0.650062942998391,7.274774331052665e-14,-4.5366710231539925e-10,8.209882298325145e-06,0.0008227910147979856,4,dual_gap,Fixed point,10,2,,0,4
-1.5789106540146658,-1.5789107592316318,6.663896133779793e-08,0.00013411518048852468,0.00014428105378453966,7.053370803618311e-16,3,1e-06,0.00017883944495667808,6.702824848022014e-14,-4.470410475499511e-09,2.202572911009594e-05,0.00322099999175407,50,dual_gap,RGD,10,2,,1,0
-1.5789106813380425,-1.5789107189248428,2.380552667296943e-08,8.653008682866253e-05,0.00010198381873141619,1.2164975380510594e-15,2,1e-06,0.6775880319037737,6.785140597004816e-14,-1.6362599074402829e-09,1.5568671087597504e-05,0.0006016670085955411,3,dual_gap,Fixed point,10,2,,1,0
-1.5789107045260637,-1.5789107059641045,9.107803205273268e-10,5.914107536029761e-06,1.5996669425096682e-05,9.48336645125236e-16,3,1e-06,1.0810430869262838e-05,6.697082560311538e-14,-6.093410456435672e-11,2.4420274619024595e-06,0.002962917002150789,50,dual_gap,RGD,10,2,,1,1
-1.578910605492541,-1.5789107621734433,9.92335485665621e-08,0.00017797716583022383,0.00020872355608267227,1.3078945303275165e-15,2,1e-06,0.6775618252143536,6.776953215206424e-14,-6.819840945851645e-09,3.186330011443059e-05,0.0006432080117519945,3,dual_gap,Fixed point,10,2,,1,1
-1.5789106820744276,-1.5789107291724256,2.982942510986853e-08,9.089759767490617e-05,9.289728019206938e-05,6.578346122051065e-16,3,1e-06,0.00012149441967818565,6.729102400058217e-14,-2.008581517539432e-09,1.4181559088319754e-05,0.003000958007760346,50,dual_gap,RGD,10,2,,1,2
-1.5789106774430057,-1.5789107209666982,2.756564576431123e-08,9.353259039211237e-05,0.00010990387887491453,8.753955231517912e-16,2,1e-06,0.6775853666172588,6.777970921097054e-14,-1.8946003306875654e-09,1.6777728219205835e-05,0.0006168749823700637,3,dual_gap,Fixed point,10,2,,1,2
-1.5789107049366,-1.5789107050440996,6.808463864946472e-11,1.94696273676253e-06,4.433528761602378e-06,7.636024121606739e-16,3,1e-06,3.1686279329512207e-06,6.707745969461461e-14,-4.498548224219938e-12,6.768158231731786e-07,0.004313208977691829,75,dual_gap,RGD,10,2,,1,3
-1.5789106913010318,-1.5789107139214003,1.4326566152130241e-08,6.505509205702462e-05,7.836579660786283e-05,5.6616188348058425e-16,2,1e-06,0.6776226620845508,6.799866408863379e-14,-9.841501324845057e-10,1.1963208034292415e-05,0.0006021249864716083,3,dual_gap,Fixed point,10,2,,1,3
-1.5789107049415825,-1.5789107050311888,5.675198862206499e-11,1.934272773285758e-06,4.054266879064354e-06,8.51427712619909e-16,3,1e-06,3.0381511838177815e-06,6.707393424034082e-14,-3.738891655988525e-12,6.189182754070561e-07,0.004442916018888354,75,dual_gap,RGD,10,2,,1,4
-1.5789106864197437,-1.5789107159495808,1.870266461179816e-08,7.664711192175973e-05,9.037559103334111e-05,1.07637154585278e-15,2,1e-06,0.6775906703967767,6.783993617231277e-14,-1.2855135109463285e-09,1.3796582214373182e-05,0.0006369999900925905,3,dual_gap,Fixed point,10,2,,1,4
-1.8893120299310664,-1.8893120299457977,7.797191271620584e-12,6.74139569003413e-07,1.6836150595879459e-06,7.752275603100577e-16,3,1e-06,1.0258269522039663e-06,7.628244956717042e-14,-5.188565979380931e-13,2.497096874312825e-07,0.0031297089881263673,50,dual_gap,RGD,10,2,,2,0
-1.8893120151659881,-1.8893120352128807,1.0610683904757273e-08,6.90489120580991e-05,9.073719882668847e-05,1.4609227442463607e-15,2,1e-06,0.7268828410958132,8.761744867625889e-14,-9.311345543863569e-10,1.3457998888415318e-05,0.000617834011791274,3,dual_gap,Fixed point,10,2,,2,0
-1.8893120299143273,-1.889312029960908,2.4654868295042955e-11,2.572572790634397e-06,3.167648190459924e-06,6.042618926065237e-16,3,1e-06,3.2835169989920797e-06,7.591449251171462e-14,-1.7962374130126718e-12,4.6981786901599956e-07,0.0029044589900877327,50,dual_gap,RGD,10,2,,2,1
-1.8893119963374634,-1.8893120419508718,2.41428670712618e-08,0.00010412778997368829,0.0001368925258225887,1.3453569459178337e-15,2,1e-06,0.7269135263711997,8.762329150907287e-14,-2.11863972402733e-09,2.030374459324458e-05,0.0006182919896673411,3,dual_gap,Fixed point,10,2,,2,1
-1.8893120298081714,-1.8893120300900537,1.4919838059352952e-10,6.091091184737643e-06,8.025194679217297e-06,8.758692447162115e-16,3,1e-06,7.715324017911665e-06,7.596875489857162e-14,-1.1258849090006159e-11,1.1902773402042353e-06,0.0028619169897865504,50,dual_gap,RGD,10,2,,2,2
-1.8893120209210843,-1.8893120331991422,6.4986925228624826e-09,5.385524129450355e-05,7.10989637415415e-05,9.803900315288345e-16,2,1e-06,0.7268689879820297,8.723756499028958e-14,-5.698462069067515e-10,1.0545272733525939e-05,0.0006406669854186475,3,dual_gap,Fixed point,10,2,,2,2
-1.8893120298333053,-1.889312030011884,9.452049452778731e-11,6.567329686984674e-06,6.3815637015070335e-06,6.768867314756896e-16,3,1e-06,8.039311599837384e-06,7.581117078184568e-14,-7.096031416528366e-12,9.464979944318517e-07,0.002907499991124496,50,dual_gap,RGD,10,2,,2,3
-1.8893119927914572,-1.889312043065338,2.6609623517943277e-08,0.0001096814968821017,0.00014345153072785672,1.421773440604657e-15,2,1e-06,0.7269194123784509,8.779273877562149e-14,-2.335964431492592e-09,2.1276580613195944e-05,0.0006025419861543924,3,dual_gap,Fixed point,10,2,,2,3
-1.8893120297988142,-1.8893120301829787,2.033356438468336e-10,3.6449929161819892e-06,9.607498968549722e-06,1.2660997419049043e-15,3,1e-06,5.508980748161148e-06,7.656662921129017e-14,-1.551994882926333e-11,1.424960860837877e-06,0.002884040994103998,50,dual_gap,RGD,10,2,,2,4
-1.8893120103122107,-1.8893120370890057,1.4172775516887073e-08,7.939538931669505e-05,0.00010505037033197829,1.0003518790488894e-15,2,1e-06,0.7267538462891243,8.716377945600738e-14,-1.2423436354829445e-09,1.5580712468114098e-05,0.0006057090067770332,3,dual_gap,Fixed point,10,2,,2,4
-8.720239898273093,-8.720239899449762,1.3493544240598052e-10,5.702278993290905e-06,1.1212758636638412e-05,1.802054866009328e-15,6,1e-06,4.082140544491938e-06,6.546856716205284e-14,-8.805579027700484e-12,9.70651698850301e-07,0.005719958018744364,75,dual_gap,RGD,10,5,,0,0
-8.7202397798928,-8.720240326768824,6.271341584415613e-08,0.00021969768649472343,0.0002725913405150316,3.7030688558145484e-15,5,1e-06,0.7253984778993423,6.391900092027005e-14,-4.017685889985102e-09,2.3597361362067258e-05,0.001537959004053846,6,dual_gap,Fixed point,10,5,,0,0
-8.720239898319733,-8.720239899472608,1.3220681336050614e-10,5.11105119082253e-06,9.663379465105168e-06,1.8588650314692194e-15,6,1e-06,3.7102247978343102e-06,7.019804596046404e-14,-9.291580746754554e-12,8.365270308785694e-07,0.005674583982909098,75,dual_gap,RGD,10,5,,0,1
-8.720239865785109,-8.720240021711064,1.7880924976192494e-08,0.00011445598277683879,0.00014467028239965917,3.7029151198674105e-15,5,1e-06,0.7253518714439869,6.429409653399087e-14,-1.152220657300984e-09,1.2523636029121379e-05,0.0015069170040078461,6,dual_gap,Fixed point,10,5,,0,1
-8.720239892539666,-8.720239925330244,3.760283864730291e-09,3.123424893239335e-05,5.849474610064758e-05,1.948036358675808e-15,6,1e-06,2.19447942908212e-05,6.56446602262491e-14,-2.475226063733916e-10,5.06369811113401e-06,0.005542041006265208,75,dual_gap,RGD,10,5,,0,2
-8.72023979482721,-8.72024028339383,5.6026741413600043e-08,0.00020650672455397486,0.00026000983946413895,4.778581247033444e-15,5,1e-06,0.7252360187688162,6.412382203458099e-14,-3.604354039100002e-09,2.250820349276221e-05,0.0015353749913629144,6,dual_gap,Fixed point,10,5,,0,2
-8.720239748855018,-8.720240416913008,7.661004841756158e-08,0.00019628310284238904,0.0002848011372332022,1.7566274877625063e-15,6,1e-06,0.00013056196557981325,6.599809780762145e-14,-5.079277450514249e-09,2.465430004790902e-05,0.003820791986072436,50,dual_gap,RGD,10,5,,0,3
-8.720239871510715,-8.720239999506116,1.4677967903490139e-08,0.00010416192797123067,0.00013082134170527794,3.693884444711544e-15,5,1e-06,0.7253492693235815,6.409617393461023e-14,-9.426899867885967e-10,1.132477791505362e-05,0.0017449170118197799,7,dual_gap,Fixed point,10,5,,0,3
-8.720239897715942,-8.720239901315598,4.1279319455205993e-10,1.1460845712724227e-05,2.1505273260978693e-05,2.0155262048823423e-15,6,1e-06,7.977416234640727e-06,6.553397420501103e-14,-2.7112935288278762e-11,1.8616408946223939e-06,0.005385084019508213,75,dual_gap,RGD,10,5,,0,4
-8.720239852368557,-8.720240070894814,2.5059661241575896e-08,0.00013962713679420083,0.00018268989801570153,3.4797338487171575e-15,5,1e-06,0.7253572573502225,6.41560493383303e-14,-1.6164218939452357e-09,1.5814870617723945e-05,0.0013194170023780316,5,dual_gap,Fixed point,10,5,,0,4
-10.849365657621108,-10.849365747865892,8.317977929579691e-09,3.23894819517081e-05,4.082913313066112e-05,2.154147128231984e-15,6,1e-06,2.1731192955913115e-05,7.168622015255042e-14,-5.993887897941335e-10,3.5315629632557927e-06,0.008965290995547548,125,dual_gap,RGD,10,5,,1,0
-10.849365636162235,-10.849365758086742,1.1237938872373737e-08,0.0001477331027069661,0.0001304326258977812,2.3698531034900708e-15,5,1e-06,0.4237744855412725,7.647976021296485e-14,-8.599721494574688e-10,1.1281852363769265e-05,0.0013251669879537076,5,dual_gap,Fixed point,10,5,,1,0
-10.849365661923846,-10.849365682367642,1.8843309946838845e-09,2.438546941779534e-05,1.9471224910769303e-05,2.2074621720721047e-15,6,1e-06,1.29742457204629e-05,7.118340615296769e-14,-1.3499158199723601e-10,1.6841860185521842e-06,0.007264041982125491,100,dual_gap,RGD,10,5,,1,1
-10.849365634700996,-10.849365772057771,1.266035079541694e-08,0.00014467671629684066,0.00013403441292139767,3.775525985897689e-15,5,1e-06,0.42376622152669663,7.652327155938605e-14,-9.709014011521456e-10,1.15935018907154e-05,0.0015382089768536389,5,dual_gap,Fixed point,10,5,,1,1
-10.84936565813835,-10.849365733577296,6.953304749233154e-09,3.612348416973326e-05,3.880622580521372e-05,2.0570119780634134e-15,6,1e-06,2.1307199373490168e-05,7.236156969800725e-14,-5.058438907163005e-10,3.3565892340456833e-06,0.0072623330052010715,100,dual_gap,RGD,10,5,,1,2
-10.849365617768884,-10.84936582334182,1.894792227434203e-08,0.00017838823245533414,0.0001532242365859287,3.193733955760154e-15,5,1e-06,0.42376889305743365,7.08694391024301e-14,-1.3481860752156527e-09,1.325321264827417e-05,0.0012887500051874667,5,dual_gap,Fixed point,10,5,,1,2
-10.849365661995794,-10.849365680761217,1.7296331949633282e-09,1.9114646407355367e-05,1.9987376561240438e-05,2.381956152096648e-15,6,1e-06,1.0967010854042578e-05,7.203372463033699e-14,-1.2526369664090047e-10,1.7288311631619594e-06,0.007234707998577505,100,dual_gap,RGD,10,5,,1,3
-10.849365630820532,-10.84936578059418,1.3804829959903368e-08,0.00014449117644224312,0.00013207344492198412,4.9341614468606186e-15,5,1e-06,0.4238019649697213,6.873431749095503e-14,-9.517051284827026e-10,1.1423880772229834e-05,0.001285333011765033,5,dual_gap,Fixed point,10,5,,1,3
-10.849365660454225,-10.849365698818831,3.536115097892767e-09,3.316095218428774e-05,2.8379509713833967e-05,2.2280957001454226e-15,6,1e-06,1.777381023561548e-05,7.152046668824883e-14,-2.5442334359390706e-10,2.4547183913644756e-06,0.007090457977028564,100,dual_gap,RGD,10,5,,1,4
-10.849365642276615,-10.849365735862701,8.625950080553316e-09,0.0001261528634341434,0.00011632153166388433,5.978304226183286e-15,5,1e-06,0.42377994266733066,7.646363628277369e-14,-6.609986177267476e-10,1.0061406842440971e-05,0.0012888750061392784,5,dual_gap,Fixed point,10,5,,1,4
-8.315542887790903,-8.315542890543757,3.310492149394514e-10,1.0170738167978968e-05,1.2412112250895723e-05,1.797808715028255e-15,6,1e-06,6.444406259713119e-06,7.277846936035687e-14,-2.4416316954273515e-11,1.0847269751893638e-06,0.007289000001037493,100,dual_gap,RGD,10,5,,2,0
-8.315542878621617,-8.31554293847245,7.1974655769435045e-09,6.750189552016376e-05,8.546772937562422e-05,3.1991826029077677e-15,5,1e-06,0.5194592467550347,6.404046544353946e-14,-4.6285702530383055e-10,7.46928298111065e-06,0.0012965839996468276,5,dual_gap,Fixed point,10,5,,2,0
-8.31554280717416,-8.315543323379144,6.207712430870484e-08,0.00016031934975080663,0.00018515498504575987,2.010148650254802e-15,6,1e-06,0.00010456574959954856,7.520661816749542e-14,-4.711754663800314e-09,1.6181178328021183e-05,0.0039020419935695827,50,dual_gap,RGD,10,5,,2,1
-8.315542866373523,-8.3155429857744,1.435875909246676e-08,0.00010383694447230238,0.00011981919936921581,3.321111181746291e-15,5,1e-06,0.5194681016756645,6.533979657929468e-14,-9.531714263319558e-10,1.0471391568875974e-05,0.0014290839899331331,5,dual_gap,Fixed point,10,5,,2,1
-8.315542824031597,-8.3155433843427,6.738118175341733e-08,0.00014245554975261942,0.00016082998511629757,2.079705699623471e-15,6,1e-06,9.503635168306913e-05,7.609769159417977e-14,-5.162564725887171e-09,1.405535452153307e-05,0.005494374985573813,75,dual_gap,RGD,10,5,,2,2
-8.315542869971956,-8.315542963789536,1.1282195396007686e-08,9.54960841020644e-05,0.00011508879539403875,4.4182534328113675e-15,5,1e-06,0.5193997545181831,6.703863691652921e-14,-7.909112808287551e-10,1.0057868642074442e-05,0.0015041669830679893,5,dual_gap,Fixed point,10,5,,2,2
-8.315542812153009,-8.315543235440499,5.090317011817588e-08,0.00022283249787344455,0.00016233635713022867,1.940210663207284e-15,6,1e-06,0.00012826310782145775,7.268871074127228e-14,-3.745949811382118e-09,1.4186999733674903e-05,0.005261624988634139,75,dual_gap,RGD,10,5,,2,3
-8.315542876699194,-8.315542935707288,7.096120516205123e-09,7.146248693689874e-05,7.928793762863851e-05,3.746947612000837e-15,5,1e-06,0.5194522626954542,6.731206740431597e-14,-4.878040209845899e-10,6.9292104304220736e-06,0.0013763750030193478,5,dual_gap,Fixed point,10,5,,2,3
-8.31554288688548,-8.315542896166837,1.1161457562913494e-09,2.11067063714996e-05,2.289567537443541e-05,1.7359854923732603e-15,6,1e-06,1.316038462295393e-05,7.334236717456621e-14,-8.299471529419993e-11,2.000912995835981e-06,0.005292665999149904,75,dual_gap,RGD,10,5,,2,4
-8.31554283335488,-8.315543204272531,4.4605344209651314e-08,0.0001567031778421607,0.00020413092935318733,3.4114201466433808e-15,5,1e-06,0.5193660215849666,6.502068936354249e-14,-2.9318568833146066e-09,1.7839284309748555e-05,0.0012877080007456243,5,dual_gap,Fixed point,10,5,,2,4
-25.01171904459031,-25.011721016989792,7.88590131513845e-08,0.0003139474200017076,0.00019878947964943993,2.4702725573507867e-15,9,1e-06,0.00010261952430373419,6.711515529349444e-14,-5.305238239726314e-09,1.7197230425100206e-05,0.011550875002285466,125,dual_gap,RGD,10,8,,0,0
-25.011719020473837,-25.011721358070027,9.346003717665666e-08,0.00039980559611538843,0.000278031980904426,4.8100683827066086e-15,8,1e-06,0.5273838354738752,6.281386958893006e-14,-5.923913641407521e-09,2.4052686518589386e-05,0.002529040997615084,6,dual_gap,Fixed point,10,8,,0,0
-25.011719210378846,-25.011719571315414,1.4430698054336685e-08,0.00013133080400094655,7.831099689370969e-05,2.2749044252924228e-15,9,1e-06,4.296930075857644e-05,6.871976542700662e-14,-9.968491771780512e-10,6.77466517056141e-06,0.008904208021704108,100,dual_gap,RGD,10,8,,0,1
-25.01171919324224,-25.011719677290447,1.935285631501807e-08,0.00019019493665876704,0.00011966871357985491,6.5123969656305685e-15,8,1e-06,0.5272670437070096,6.287691503099033e-14,-1.2282069856520805e-09,1.035244857730811e-05,0.002342000021599233,6,dual_gap,Fixed point,10,8,,0,1
-25.011719236170084,-25.011719341691034,4.218860335170095e-09,8.646806636477526e-05,3.342534749168614e-05,2.296921686893158e-15,9,1e-06,2.523966172286225e-05,7.01003743527989e-14,-2.9782680228492453e-10,2.891618633216308e-06,0.011151334008900449,125,dual_gap,RGD,10,8,,0,2
-25.011719188192657,-25.011719674783507,1.94545143310614e-08,0.00021818439789614259,0.0001374722144995759,4.3820653969669614e-15,8,1e-06,0.527339877646336,6.191297956784516e-14,-1.2083655646894955e-09,1.1892797926429947e-05,0.0024545839987695217,6,dual_gap,Fixed point,10,8,,0,2
-25.011719235859598,-25.011719329944196,3.761620582858491e-09,6.8761416898912e-05,3.638070988409148e-05,2.3949604564787258e-15,9,1e-06,2.1605485647783145e-05,6.838426342076208e-14,-2.5822545751413706e-10,3.1472863029872516e-06,0.010978249978506938,125,dual_gap,RGD,10,8,,0,3
-25.011719053536734,-25.011720643322715,6.35616439509486e-08,0.0003632721700888142,0.00023266909040281698,4.7543104055353136e-15,8,1e-06,0.5273786731670264,6.388802131971832e-14,-4.131710443662188e-09,2.0128291170288863e-05,0.0022982500086072832,6,dual_gap,Fixed point,10,8,,0,3
-25.01171916107269,-25.011720688326186,6.106151621928244e-08,0.00018576405484131928,0.00012754936204649166,2.0657622821385394e-15,9,1e-06,6.683933992608264e-05,6.468704605624893e-14,-3.959267460205164e-09,1.103426436890925e-05,0.009011667018057778,100,dual_gap,RGD,10,8,,0,4
-25.011718967253117,-25.011721297605988,9.317044037329064e-08,0.0004808335818013674,0.00028259159567993946,3.2993085674369225e-15,8,1e-06,0.5273356620701652,6.490470161500665e-14,-6.091474323391862e-09,2.444730986988189e-05,0.0021221250062808394,5,dual_gap,Fixed point,10,8,,0,4
-23.560039904216953,-23.560040929610427,4.352256946128039e-08,0.00011928075305607072,0.00011575891605300267,2.379314854843904e-15,9,1e-06,4.8185548194004276e-05,6.667672005193442e-14,-2.9066152953911707e-09,9.931405314167029e-06,0.010901707981247455,125,dual_gap,RGD,10,8,,1,0
-23.56003987417683,-23.560040422742446,2.3283730374512906e-08,0.00025787068093970983,0.0001537825341332344,3.893338413939516e-15,8,1e-06,0.48426402038065025,6.869154221651596e-14,-1.6190252189410353e-09,1.3193493120307655e-05,0.0022515000018756837,6,dual_gap,Fixed point,10,8,,1,0
-23.560039884010095,-23.56004107189224,5.041936051453426e-08,0.00013448845228949093,0.00013468493359682893,2.2898411379984303e-15,9,1e-06,5.3148950783303854e-05,6.71362755148282e-14,-3.396088452627734e-09,1.1555141611947843e-05,0.013389250001637265,150,dual_gap,RGD,10,8,,1,1
-23.56003989509563,-23.56004030006963,1.718902009619743e-08,0.0002285126331220932,0.00013820165717661197,4.67018978335429e-15,8,1e-06,0.48436231046174394,6.768978977040221e-14,-1.178690395730543e-09,1.1856936414399897e-05,0.0024042500008363277,6,dual_gap,Fixed point,10,8,,1,1
-23.56003976408006,-23.560041823786868,8.742374076151207e-08,0.00041551914164818704,0.00019610560412524708,2.513926199468646e-15,9,1e-06,0.00012361539248457068,6.871940217099698e-14,-6.041146450719783e-09,1.6824659321713708e-05,0.009038624993991107,100,dual_gap,RGD,10,8,,1,2
-23.560039695336954,-23.560041450029345,7.447748026223474e-08,0.00045841105656366113,0.00026949820046187227,4.956891271215591e-15,8,1e-06,0.48436318703857545,6.648173147233026e-14,-4.961727090231434e-09,2.312142710770732e-05,0.0019449159735813737,5,dual_gap,Fixed point,10,8,,1,2
-23.5600399588747,-23.56004005015,3.874157275040388e-09,3.8812527171176945e-05,3.9814465160191786e-05,2.412623643580458e-15,9,1e-06,1.5544977310199703e-05,6.775740509536253e-14,-2.6374006444136067e-10,3.415836805979149e-06,0.010965041001327336,125,dual_gap,RGD,10,8,,1,3
-23.560039939302033,-23.560040189788864,1.0631850876410317e-08,0.00013620560893972457,9.252961133853613e-05,4.042199205367075e-15,8,1e-06,0.4843423007419171,6.522731956876509e-14,-6.976305620665635e-10,7.938492066025498e-06,0.002314124983968213,6,dual_gap,Fixed point,10,8,,1,3
-23.560039888714293,-23.560041064521954,4.99068620667652e-08,0.000199972733261242,0.00012440006757167104,2.5565502539457892e-15,9,1e-06,6.450547787005175e-05,6.596068411411655e-14,-3.298860053934512e-09,1.0672763318163228e-05,0.01138904201798141,125,dual_gap,RGD,10,8,,1,4
-23.56003991428829,-23.560040243977422,1.3993572764834751e-08,0.00019874061466389252,0.00011436577684886767,5.244531968509374e-15,8,1e-06,0.484279740294805,6.537772729874488e-14,-9.173294800715397e-10,9.81185987491048e-06,0.0023735410068184137,6,dual_gap,Fixed point,10,8,,1,4
-24.211720550318002,-24.211721430688627,3.63613408874148e-08,0.00017760866891452183,8.858244825837977e-05,2.2192477700402413e-15,9,1e-06,6.553679658040826e-05,6.689845649655664e-14,-2.439773512784282e-09,7.651650746040016e-06,0.008738750009797513,100,dual_gap,RGD,10,8,,2,0
-24.211720528365056,-24.21172110909598,2.3985528918740334e-08,0.00023933711562821615,0.0001502193708902528,4.513033610834899e-15,8,1e-06,0.46745430184306913,6.729104332008371e-14,-1.6259805756818981e-09,1.2975898666209402e-05,0.0023949169844854623,6,dual_gap,Fixed point,10,8,,2,0
-24.211720502719082,-24.21172202049293,6.268756693860372e-08,0.0002708589156343127,0.0001406078618092823,2.2829851503222226e-15,9,1e-06,9.10458417629422e-05,7.035530606593379e-14,-4.421361664233488e-09,1.2145546718659055e-05,0.009326957981102169,100,dual_gap,RGD,10,8,,2,1
-24.21172053102639,-24.21172121555463,2.8272597879190138e-08,0.00021650432818167383,0.00013547600666411798,4.167205061181094e-15,8,1e-06,0.4673383134689936,6.600073423863163e-14,-1.871300878975621e-09,1.1702129630536834e-05,0.002515666972612962,6,dual_gap,Fixed point,10,8,,2,1
-24.211720477538133,-24.21172239275171,7.910274607873152e-08,0.00023530387365852472,0.000161735777642521,2.329156332907619e-15,9,1e-06,8.73735537632312e-05,6.672784172752383e-14,-5.30635119582162e-09,1.3970553967627392e-05,0.009016542026074603,100,dual_gap,RGD,10,8,,2,2
-24.21172038789432,-24.211722411591683,8.358337739543997e-08,0.0003863765061885319,0.00025147870096749045,4.171684204065572e-15,8,1e-06,0.4675070368539305,6.618787317601724e-14,-5.554866107095669e-09,2.1722973742612695e-05,0.0023102500126697123,6,dual_gap,Fixed point,10,8,,2,2
-24.211720588489143,-24.211720805494767,8.962833655036294e-09,8.148966752721588e-05,5.366231820555986e-05,2.436804776950709e-15,9,1e-06,3.1072557584849294e-05,6.732808349291132e-14,-6.071885832674924e-10,4.6352901650200985e-06,0.013154374988516793,150,dual_gap,RGD,10,8,,2,3
-24.211720320385396,-24.21172256650806,9.277005664681313e-08,0.0004790377337193381,0.0002955479878801604,5.301896117348491e-15,8,1e-06,0.467545136233468,6.663756676578208e-14,-6.213599683602653e-09,2.552969838596706e-05,0.001984041999094188,5,dual_gap,Fixed point,10,8,,2,3
-24.211720600929226,-24.21172063094076,1.2395457177735934e-09,3.247447462270402e-05,2.3926268046891755e-05,2.2167802111501928e-15,9,1e-06,1.1921814189828603e-05,7.041820088873231e-14,-8.773038857919751e-11,2.0667238374312596e-06,0.011186957999598235,125,dual_gap,RGD,10,8,,2,4
-24.211720522365837,-24.211721143711166,2.566299773665806e-08,0.0002413081722539802,0.00015260039051805788,3.5868368552137145e-15,8,1e-06,0.467435202385599,6.51085591274693e-14,-1.6756607003248047e-09,1.3181400319998055e-05,0.0023798749898560345,6,dual_gap,Fixed point,10,8,,2,4
-55.25044171125133,-55.25044231750257,1.0972785419110095e-08,8.303712310408903e-05,3.781808865080386e-05,3.115220035541964e-15,13,1e-06,2.123158489196576e-05,6.634704434248763e-14,-7.353939058339857e-10,3.2979467188591757e-06,0.021727334009483457,175,dual_gap,RGD,10,12,,0,0
-55.250441523324675,-55.250445309504016,6.852758525023485e-08,0.00040369111555486214,0.00019026715680132316,4.379220158684092e-15,12,1e-06,0.4023187381356293,6.530191909760987e-14,-4.499508438607093e-09,1.659266481953638e-05,0.0041129160090349615,6,dual_gap,Fixed point,10,12,,0,0
-55.25044168683442,-55.250443039092204,2.4475058330708438e-08,0.00010849055393175859,6.197409208470401e-05,3.0034303435954003e-15,13,1e-06,3.149858446351693e-05,6.620066995261281e-14,-1.637486951679138e-09,5.4044841882745745e-06,0.02202416700311005,175,dual_gap,RGD,10,12,,0,1
-55.25044161522714,-55.250443988962694,4.2963196046735316e-08,0.0002887986099242909,0.00014574802560921425,7.124350146641532e-15,12,1e-06,0.4022986676373929,6.427527637056511e-14,-2.7691396419386358e-09,1.2710246902558623e-05,0.004669082991313189,7,dual_gap,Fixed point,10,12,,0,1
-55.250441708524086,-55.250442353470355,1.1673142311469576e-08,7.693046740149735e-05,4.146331919574362e-05,3.034285119942074e-15,13,1e-06,2.199221741654282e-05,6.59025396131393e-14,-7.76957191711399e-10,3.6158309321556666e-06,0.022321124997688457,175,dual_gap,RGD,10,12,,0,2
-55.25044164111462,-55.250443225390846,2.867445362595333e-08,0.0002625501424090692,0.00012350281106527267,4.681890964791113e-15,12,1e-06,0.40227064411688374,6.444275415809596e-14,-1.850923993308607e-09,1.0770240181068234e-05,0.0046569170081056654,7,dual_gap,Fixed point,10,12,,0,2
-55.25044170361067,-55.25044230841072,1.0946519727132826e-08,0.00011848004911142874,4.731569330895618e-05,3.072255926565462e-15,13,1e-06,2.800680460842797e-05,6.619675504656368e-14,-7.288207119150183e-10,4.126190420728987e-06,0.024371084000449628,200,dual_gap,RGD,10,12,,0,3
-55.25044161525437,-55.250443846365464,4.038177852584092e-08,0.00030745734841289556,0.00013850288856930452,6.4691491324675585e-15,12,1e-06,0.40229805471743085,6.397167070900414e-14,-2.5920351671295553e-09,1.2078382143214611e-05,0.004005667025921866,6,dual_gap,Fixed point,10,12,,0,3
-55.25044161889074,-55.2504446893752,5.557393516680629e-08,0.00023485158990922483,9.995054898511231e-05,2.971417015002945e-15,13,1e-06,5.694781209532312e-05,6.649354086309683e-14,-3.728658056106768e-09,8.716243477640275e-06,0.018730999989202246,150,dual_gap,RGD,10,12,,0,4
-55.250441429576185,-55.25044687324218,9.852710416642575e-08,0.0004949768634690073,0.00022138736191952858,4.473004690110862e-15,12,1e-06,0.40233921176991405,6.49310372961009e-14,-6.44802543840741e-09,1.9306410008168846e-05,0.004141665995121002,6,dual_gap,Fixed point,10,12,,0,4
-58.06420407908766,-58.06420459402375,8.868391436331042e-09,0.0001966514528815381,5.454814977707301e-05,3.348003734535549e-15,13,1e-06,3.5105167898152186e-05,7.089128360358738e-14,-6.346684605121585e-10,4.731081446127978e-06,0.018557999981567264,150,dual_gap,RGD,10,12,,1,0
-58.06420400277963,-58.0642052035547,2.0680126207819425e-08,0.0003205234295642464,0.00013294659204263171,6.205692858220901e-15,12,1e-06,0.43758672581676145,6.899548720079464e-14,-1.4578232714244815e-09,1.1530841339534988e-05,0.004693292023148388,7,dual_gap,Fixed point,10,12,,1,0
-58.06420386599864,-58.06420794411052,7.023452672881582e-08,0.00035937230996019017,0.00015661699842657733,3.451193971255965e-15,13,1e-06,7.704253996015237e-05,6.765531029858588e-14,-4.804285836115841e-09,1.3583738655683545e-05,0.015785417024744675,125,dual_gap,RGD,10,12,,1,1
-58.0642040397669,-58.064205265156,2.110403679686275e-08,0.0002422102109176809,0.0001088850163136693,6.051790144541775e-15,12,1e-06,0.4376209817801105,6.440319849543e-14,-1.3681672378495578e-09,9.443938078423982e-06,0.004644375003408641,7,dual_gap,Fixed point,10,12,,1,1
-58.064204094952935,-58.06420444314297,5.9966383842482415e-09,7.195258013867319e-05,3.7288744659076514e-05,3.290422915905236e-15,13,1e-06,1.7125065888315758e-05,6.769505734455461e-14,-4.0951151241546564e-10,3.2341351759369064e-06,0.018967582989716902,150,dual_gap,RGD,10,12,,1,2
-58.06420405626378,-58.06420478887463,1.2617254677204287e-08,0.00022506950256725162,0.00010042247955598877,4.807694672386091e-15,12,1e-06,0.43757901830513246,6.64535937519991e-14,-8.469041540885341e-10,8.709855490701665e-06,0.004536209016805515,7,dual_gap,Fixed point,10,12,,1,2
-58.06420404973934,-58.064205572888504,2.623215440274277e-08,0.00015008001881837101,7.49531916597197e-05,3.5244298603542723e-15,13,1e-06,3.624913238283705e-05,6.70332396948331e-14,-1.7713961759969986e-09,6.5008562269171005e-06,0.01829429200734012,150,dual_gap,RGD,10,12,,1,3
-58.06420405404907,-58.06420499464128,1.6199175100880467e-08,0.00022559026755694775,9.72381993001496e-05,5.121178702854109e-15,12,1e-06,0.4376273535661197,6.650459251410391e-14,-1.084999712892577e-09,8.433799756558693e-06,0.004512666986556724,7,dual_gap,Fixed point,10,12,,1,3
-58.064203928885355,-58.06420924667948,9.158472461514418e-08,0.00018103452789442555,0.00013582113993161266,3.421363415890441e-15,13,1e-06,5.471100616376256e-05,6.823661277438545e-14,-6.312916806087521e-09,1.1780069943292378e-05,0.0215371249942109,175,dual_gap,RGD,10,12,,1,4
-58.06420366712256,-58.064209398696626,9.871097339455266e-08,0.0006469485097594974,0.0002620773832640439,6.829713078317299e-15,12,1e-06,0.4375544270234539,6.76314858570137e-14,-6.755786744498588e-09,2.2730652997239527e-05,0.004356874997029081,6,dual_gap,Fixed point,10,12,,1,4
-51.783692529966665,-51.78369308823095,1.0780696692856346e-08,0.0001519799053220336,5.409905751662131e-05,3.3182711675280357e-15,13,1e-06,3.555316491380712e-05,6.737184064741718e-14,-7.310133120070335e-10,4.659365495333434e-06,0.015729374979855493,125,dual_gap,RGD,10,12,,2,0
-51.78369243684739,-51.783693639523946,2.3225005805087604e-08,0.0003498796460943853,0.00014820491337241146,5.5588192299649635e-15,12,1e-06,0.5009726712889936,6.786320351657747e-14,-1.5853836838978058e-09,1.276443053910536e-05,0.004303875000914559,6,dual_gap,Fixed point,10,12,,2,0
-51.783692350761186,-51.78369632317903,7.671175351206671e-08,0.0001960820291526314,0.00016464894471069957,3.586026702118738e-15,13,1e-06,5.6718323575488006e-05,6.593998632886453e-14,-5.084530956111989e-09,1.4180644120043323e-05,0.013064833998214453,100,dual_gap,RGD,10,12,,2,1
-51.78369244759281,-51.78369371960403,2.4563934281462566e-08,0.00034585197956759495,0.00014661369565297297,6.054075727485396e-15,12,1e-06,0.5009787788872312,6.903038861226909e-14,-1.713691961156569e-09,1.262740326463861e-05,0.003953749983338639,6,dual_gap,Fixed point,10,12,,2,1
-51.78369254588884,-51.78369282646812,5.418294160331235e-09,6.193953941617398e-05,3.763966808609591e-05,3.2709370193079497e-15,13,1e-06,1.7915665140541983e-05,6.704559145455874e-14,-3.656743825001349e-10,3.2417749500222655e-06,0.018758874997729436,150,dual_gap,RGD,10,12,,2,2
-51.78369234628093,-51.78369455730406,4.269728614814401e-08,0.00046002740450781305,0.00020085933579683523,5.430245457938625e-15,12,1e-06,0.501033301038855,6.743523979132352e-14,-2.9097088791334798e-09,1.729936355895376e-05,0.004349124996224418,6,dual_gap,Fixed point,10,12,,2,2
-51.78369252971333,-51.78369319326725,1.2813955261802391e-08,9.951214722308724e-05,5.8235558265849e-05,3.3630361940095924e-15,13,1e-06,2.7295684887204352e-05,6.704108799916746e-14,-8.665200263559044e-10,5.015628095506553e-06,0.018555999995442107,150,dual_gap,RGD,10,12,,2,3
-51.78369236556451,-51.78369468500473,4.4790939277930546e-08,0.0004458908092829991,0.00018347462692060978,4.564362232063455e-15,12,1e-06,0.5009228161666023,6.799184582749793e-14,-3.0657935096016114e-09,1.5801923142658893e-05,0.0042015829822048545,6,dual_gap,Fixed point,10,12,,2,3
-51.78369254928259,-51.78369269559493,2.8254520108966597e-09,9.491230970112244e-05,3.0090613655971424e-05,3.279353653897063e-15,13,1e-06,2.1476329035016697e-05,6.492467878613932e-14,-1.8421879850013077e-10,2.5916009190771583e-06,0.015817875013453886,125,dual_gap,RGD,10,12,,2,4
-51.78369234682684,-51.78369446960631,4.0993204119327686e-08,0.00046644533315554033,0.00019929758999890292,4.6110668389237854e-15,12,1e-06,0.5009829767638294,6.754964122928359e-14,-2.800221064610741e-09,1.716485379384766e-05,0.004211499996017665,6,dual_gap,Fixed point,10,12,,2,4
-100.28732195625197,-100.28732512521991,3.1598888815127216e-08,0.00011948439654405632,7.091882630921989e-05,2.825529077986173e-15,17,1e-06,3.201455738502837e-05,6.663831971235461e-14,-2.122097898632063e-09,6.178972029808596e-06,0.02585908299079165,150,dual_gap,RGD,10,16,,0,0
-100.28732193204007,-100.28732357995372,1.643192396952276e-08,0.00035182084241812097,0.00011236820272889055,5.522151107921226e-15,16,1e-06,0.4068500729846449,6.609862912981097e-14,-1.0935878402166051e-09,9.790384858364539e-06,0.007208499999251217,7,dual_gap,Fixed point,10,16,,0,0
-100.28732200794299,-100.28732278038227,7.702262492372367e-09,9.694723949166717e-05,4.049293329853249e-05,2.97025595827808e-15,17,1e-06,1.953497686098765e-05,6.669863059304888e-14,-5.19258528758564e-10,3.528043095940312e-06,0.029632542020408437,175,dual_gap,RGD,10,16,,0,1
-100.2873216845901,-100.28732824901867,6.545621583850205e-08,0.0006700642436351815,0.0001946776546338973,6.09732572120414e-15,16,1e-06,0.40689515408489735,6.757043515791538e-14,-4.45270584968582e-09,1.696199714524757e-05,0.006332541990559548,6,dual_gap,Fixed point,10,16,,0,1
-100.2873219809783,-100.28732430684576,2.3192038734535033e-08,0.0001426095534734872,5.809588613570576e-05,2.945716884951575e-15,17,1e-06,2.928202496677587e-05,6.681812152068169e-14,-1.5606491527346191e-09,5.06174251933823e-06,0.03714775000116788,225,dual_gap,RGD,10,16,,0,2
-100.28732189837761,-100.28732473881375,2.8322983254238626e-08,0.00038846943261959326,0.0001233390987458425,5.636555165537402e-15,16,1e-06,0.4068882393910737,6.42134543615368e-14,-1.8322634382566354e-09,1.0746266438317696e-05,0.007031457993434742,7,dual_gap,Fixed point,10,16,,0,2
-100.28732189478549,-100.28732726526786,5.35509600661254e-08,0.0002457886274344514,9.492968997786503e-05,3.1416001823178133e-15,17,1e-06,4.993191147086516e-05,6.644725697942892e-14,-3.5865821338066227e-09,8.270976077632564e-06,0.029750833025900647,175,dual_gap,RGD,10,16,,0,3
-100.28732191593366,-100.28732395300938,2.031239520690466e-08,0.0003704374521401188,0.00011617783476188851,5.737359236838129e-15,16,1e-06,0.4068800188043027,6.585833008739611e-14,-1.343871326728067e-09,1.0122323416974353e-05,0.007356000016443431,7,dual_gap,Fixed point,10,16,,0,3
-100.28732200448275,-100.28732312528282,1.1175889994095709e-08,9.77070729714598e-05,4.200488354529246e-05,2.9456274669743427e-15,17,1e-06,2.0889847889571297e-05,6.691225583389064e-14,-7.520087083888687e-10,3.659775406085485e-06,0.029379709012573585,175,dual_gap,RGD,10,16,,0,4
-100.28732192378251,-100.28732316847919,1.24113063597466e-08,0.00036692997572202655,0.00010994097860254662,4.6598525510157354e-15,16,1e-06,0.4068863480223189,6.74556410181269e-14,-8.530355490310714e-10,9.578922341647626e-06,0.007313875015825033,7,dual_gap,Fixed point,10,16,,0,4
-98.5281472233984,-98.52814984930845,2.6651369342648306e-08,0.00018048195939283527,6.14020592086709e-05,3.569719187773737e-15,17,1e-06,3.312610236560342e-05,6.493988083282557e-14,-1.7453378496135584e-09,5.32225834412181e-06,0.033574750006664544,200,dual_gap,RGD,10,16,,1,0
-98.52814720288866,-98.52814875853129,1.578881436863494e-08,0.0003088194976091573,9.325463694538623e-05,5.459535272310655e-15,16,1e-06,0.3852254859744591,6.290977676913076e-14,-9.98617729973756e-10,8.08321765097939e-06,0.007052000000840053,7,dual_gap,Fixed point,10,16,,1,0
-98.5281471611242,-98.52815244711805,5.364958139312409e-08,0.00018254810737655767,9.099002205593272e-05,3.403221897467249e-15,17,1e-06,4.135784082720076e-05,6.495380119272438e-14,-3.508918460911003e-09,7.886909458100423e-06,0.025407917011762038,150,dual_gap,RGD,10,16,,1,1
-98.5281472065345,-98.52814856804898,1.381853324811611e-08,0.00030448301715593426,9.082611032380216e-05,6.208966952865217e-15,16,1e-06,0.3852088122166604,6.410876968627746e-14,-8.951906523718985e-10,7.872707313280649e-06,0.00697920800303109,7,dual_gap,Fixed point,10,16,,1,1
-98.52814712149576,-98.52815388109167,6.860573453088067e-08,0.000266116133367852,9.616127517855554e-05,3.671805604054475e-15,17,1e-06,5.663063590144207e-05,6.690254193907637e-14,-4.618508393703852e-09,8.335147253202466e-06,0.029123625019565225,175,dual_gap,RGD,10,16,,1,2
-98.52814704459476,-98.52815099807407,4.01253796612474e-08,0.0005191048568252846,0.00016076051985294606,7.486201905243507e-15,16,1e-06,0.3852853360744975,6.328425041245334e-14,-2.557743390337818e-09,1.3934653830195528e-05,0.007204124995041639,7,dual_gap,Fixed point,10,16,,1,2
-98.52814722919366,-98.52814958278147,2.3887466364282378e-08,0.00017202871809168414,5.823151341810514e-05,3.565785141289839e-15,17,1e-06,3.147787710832058e-05,6.501373517529338e-14,-1.5646018564136743e-09,5.04743912496834e-06,0.033510042005218565,200,dual_gap,RGD,10,16,,1,3
-98.5281471995075,-98.52814886320112,1.6885465433404e-08,0.0003030929600711604,9.362426722061834e-05,6.0838477736054194e-15,16,1e-06,0.38523863203778325,6.286273710268341e-14,-1.0669665848655826e-09,8.115271091640343e-06,0.007058791990857571,7,dual_gap,Fixed point,10,16,,1,3
-98.52814723733118,-98.52814905089073,1.8406512255605255e-08,0.0001277786521375952,5.382148787158142e-05,3.500581966221841e-15,17,1e-06,2.633583010131356e-05,6.470540999710435e-14,-1.1984129504827144e-09,4.665183126438265e-06,0.029270750004798174,175,dual_gap,RGD,10,16,,1,4
-98.52814671617827,-98.52815431264959,7.709950479742859e-08,0.0008550821482035399,0.0002330627292314735,6.264675888031908e-15,16,1e-06,0.3851738584110647,6.569809379614211e-14,-5.086251769762084e-09,2.0201705285317672e-05,0.006214958004420623,6,dual_gap,Fixed point,10,16,,1,4
-93.8423542985864,-93.84235496641409,7.1164848410435395e-09,6.842168095626477e-05,3.969650774209904e-05,4.079313407344185e-15,17,1e-06,1.689777226556568e-05,6.928413016830105e-14,-4.974809944140714e-10,3.4370934855307475e-06,0.03383400000166148,200,dual_gap,RGD,10,16,,2,0
-93.84235418395045,-93.84235650170305,2.46983637967205e-08,0.0004028015014013295,0.0001329180255024902,5.120034597422193e-15,16,1e-06,0.3829841917944257,6.572665677637427e-14,-1.6300270652601715e-09,1.1508646521094093e-05,0.00747137499274686,7,dual_gap,Fixed point,10,16,,2,0
-93.84235428550032,-93.84235568228915,1.4884418051827645e-08,0.00015492523585617697,4.618739059989157e-05,3.9891437389195115e-15,17,1e-06,2.8060374374695594e-05,6.984668976891144e-14,-1.0507601492524716e-09,3.999102010972215e-06,0.028989666985580698,175,dual_gap,RGD,10,16,,2,1
-93.84235380174914,-93.84236066136744,7.309725318802956e-08,0.0008364307488131284,0.0002470856952995683,5.139904290705244e-15,16,1e-06,0.3829185996431444,6.864067539132373e-14,-5.044585826501498e-09,2.1393794513911107e-05,0.006298542022705078,6,dual_gap,Fixed point,10,16,,2,1
-93.84235411617802,-93.84236234512232,8.768902258968307e-08,0.00038983571092346083,0.00011348984264699463,3.888129044177692e-15,17,1e-06,6.921199761829097e-05,6.930136173095114e-14,-6.138587627047043e-09,9.826438810208964e-06,0.02508274998399429,150,dual_gap,RGD,10,16,,2,2
-93.84235389562005,-93.84235914316731,5.591875146388858e-08,0.0007440827653673986,0.00022434214352259687,5.820734349970646e-15,16,1e-06,0.3829704476910598,6.734883882619039e-14,-3.786331125243072e-09,1.9424579035321043e-05,0.006373624986736104,6,dual_gap,Fixed point,10,16,,2,2
-93.84235424406903,-93.84235625253179,2.140251887395815e-08,0.00027474181472528854,7.119228624656373e-05,4.014283504948237e-15,17,1e-06,4.4735781567954186e-05,6.995601653495912e-14,-1.5131695342612865e-09,6.164132778571165e-06,0.02565487500396557,150,dual_gap,RGD,10,16,,2,3
-93.84235411955203,-93.84235619889058,2.2157783410761288e-08,0.0005349359198963805,0.0001524404532742327,4.823862341007786e-15,16,1e-06,0.38298300265136886,7.033745040721017e-14,-1.5751468795099706e-09,1.3199026164716303e-05,0.006140666984720156,6,dual_gap,Fixed point,10,16,,2,3
-93.84235427223956,-93.84235614389387,1.9944664856649312e-08,0.00017014366186521402,5.673822993499828e-05,3.873019482343217e-15,17,1e-06,3.156854253351223e-05,7.125177307525647e-14,-1.433050461821089e-09,4.912638915603633e-06,0.02914916700683534,175,dual_gap,RGD,10,16,,2,4
-93.84235383184114,-93.84236272390399,9.475532622836046e-08,0.0007696770078923313,0.00023795776443028972,4.843730481477619e-15,16,1e-06,0.38303128913771933,6.578237479728124e-14,-6.2693216120234355e-09,2.060365064582995e-05,0.006274292012676597,6,dual_gap,Fixed point,10,16,,2,4
-384.07617906950634,-384.0761907925792,3.052278040710249e-08,0.0009288472835678605,9.218222561078848e-05,3.6139112243984645e-15,33,1e-06,6.540599506083474e-05,6.549348187271627e-14,-2.031643126658679e-09,8.002143809279322e-06,0.12639116702484898,225,dual_gap,RGD,10,32,,0,0
-384.0761792082517,-384.0761890030918,2.5502336956062317e-08,0.0006441395372328131,0.00010262859223354924,7.334854346047534e-15,32,1e-06,0.42857037742112375,6.343124751189825e-14,-1.6284882449049073e-09,8.909051171444793e-06,0.029681207990506664,8,dual_gap,Fixed point,10,32,,0,0
-384.07617927537495,-384.0761847818436,1.4336917910093375e-08,0.0005473670791986056,5.7880618418359295e-05,3.643850346035688e-15,33,1e-06,3.888426963348692e-05,6.922461076451915e-14,-9.96555862065364e-10,5.024493645095219e-06,0.12568604201078415,225,dual_gap,RGD,10,32,,0,1
-384.0761790130244,-384.0761992964407,5.2810919809425544e-08,0.0008898747187681952,0.00013938562746903139,5.357180732201391e-15,32,1e-06,0.4285798847396771,6.366072283205349e-14,-3.3804954962903177e-09,1.2099906845658793e-05,0.030224665999412537,8,dual_gap,Fixed point,10,32,,0,1
-384.0761793035096,-384.0761851301383,1.5170502645492043e-08,0.00023609405272923293,5.420234738283444e-05,3.609397443450246e-15,33,1e-06,2.203231957794566e-05,6.42100215141775e-14,-9.818268407597585e-10,4.705190432416978e-06,0.11284987497492693,200,dual_gap,RGD,10,32,,0,2
-384.0761792190183,-384.0761882486189,2.3509920968219325e-08,0.0006377397102695399,9.634708998096275e-05,6.509319743908126e-15,32,1e-06,0.42853863326445674,6.50748882554084e-14,-1.543483686930709e-09,8.363742351108535e-06,0.02991112502058968,8,dual_gap,Fixed point,10,32,,0,2
-384.076178661272,-384.0762168272587,9.937087689010726e-08,0.0007281341207868569,0.00014564482362489575,3.691488807495548e-15,33,1e-06,6.473943605007989e-05,6.781819683869036e-14,-6.799112040911178e-09,1.2643120609289077e-05,0.1272658749949187,225,dual_gap,RGD,10,32,,0,3
-384.0761791969346,-384.0761891104988,2.5811452761736124e-08,0.0006523504052635326,0.00010274187290264583,5.888040248770812e-15,32,1e-06,0.4285894103051912,6.561457135499508e-14,-1.709416994746475e-09,8.918867443710673e-06,0.029754667019005865,8,dual_gap,Fixed point,10,32,,0,3
-384.07617894600014,-384.07620785549926,7.527022165510139e-08,0.0006134326488751122,0.00011033452307664542,3.579755743447224e-15,33,1e-06,5.31393604125345e-05,6.5146271610349e-14,-4.953245569518611e-09,9.577908086703357e-06,0.12619999999878928,225,dual_gap,RGD,10,32,,0,4
-384.0761783215601,-384.0762088325866,7.944003869118952e-08,0.001566304574800282,0.00023674155309780242,6.080325898969182e-15,32,1e-06,0.42851019665091383,6.493460616668137e-14,-5.2079272064230055e-09,2.055108020980177e-05,0.026550374983344227,7,dual_gap,Fixed point,10,32,,0,4
-395.39576795685275,-395.39577801230035,2.543134858378252e-08,0.0002746147788367271,6.303481610836584e-05,3.1842865348080403e-15,33,1e-06,2.5744412633184572e-05,6.653597517723711e-14,-1.7036423844233777e-09,5.5009871856029646e-06,0.14143654101644643,250,dual_gap,RGD,10,32,,1,0
-395.3957676165809,-395.395785904613,4.625247307312944e-08,0.0010481344483524316,0.00014817809543678394,6.050132811900095e-15,32,1e-06,0.40455607659004106,6.437261982361112e-14,-3.0035077331848105e-09,1.293150460536739e-05,0.02698766699177213,7,dual_gap,Fixed point,10,32,,1,0
-395.39576746575665,-395.3958058041492,9.696207112668086e-08,0.0005312326531568337,0.00013262203390339362,3.205743481896476e-15,33,1e-06,5.357140665674242e-05,6.712100963470735e-14,-6.541014330027843e-09,1.1573798657859352e-05,0.12588849998428486,225,dual_gap,RGD,10,32,,1,1
-395.3957674028289,-395.3958037611633,9.195428326692e-08,0.0011853286787020466,0.00016072783691661283,6.166346688445381e-15,32,1e-06,0.4046409184875078,6.704621967941561e-14,-6.2118409941060935e-09,1.4026870089804707e-05,0.026490624994039536,7,dual_gap,Fixed point,10,32,,1,1
-395.3957677126542,-395.39579160463717,6.042548984960682e-08,0.0007116823347914483,9.920004531294174e-05,3.175377086064365e-15,33,1e-06,5.495566637082065e-05,6.664435405988105e-14,-4.0566388179294436e-09,8.657092719523505e-06,0.1559965829947032,275,dual_gap,RGD,10,32,,1,2
-395.3957677160543,-395.3957816037391,3.5123503965893436e-08,0.0009422705643800024,0.0001234215942332723,5.784744969017062e-15,32,1e-06,0.4045511426652694,6.389273395213148e-14,-2.268111593272062e-09,1.077097609009574e-05,0.027850207989104092,7,dual_gap,Fixed point,10,32,,1,2
-395.39576788603927,-395.3957801807226,3.10946255804343e-08,0.0003467187362556016,7.479399543969392e-05,3.180807733422059e-15,33,1e-06,3.348779942448537e-05,6.873580247958371e-14,-2.1502977023576244e-09,6.527199440428998e-06,0.14331216597929597,250,dual_gap,RGD,10,32,,1,3
-395.39576784506966,-395.3957772958422,2.3902057939585636e-08,0.0007723944407247232,9.668668190805935e-05,5.987998227751345e-15,32,1e-06,0.4045516827994036,6.634818272561062e-14,-1.5945887981031524e-09,8.437821757126299e-06,0.02636041698860936,7,dual_gap,Fixed point,10,32,,1,3
-395.3957678995758,-395.3957808253396,3.269069847422072e-08,0.00034740569409561764,7.316345716091667e-05,3.1896082550844323e-15,33,1e-06,3.287280629953431e-05,6.716007185443482e-14,-2.209604360672594e-09,6.384903555583395e-06,0.1274089159851428,225,dual_gap,RGD,10,32,,1,4
-395.39576762258025,-395.395782697581,3.8126358436337537e-08,0.0010442936508490348,0.00014286094349320546,6.090124325831651e-15,32,1e-06,0.4045816940975245,6.637298896058023e-14,-2.54765396748568e-09,1.2467418292008362e-05,0.027150208014063537,7,dual_gap,Fixed point,10,32,,1,4
-388.53480525596217,-388.534813385768,2.092426660105953e-08,0.00041407733491630893,5.9771228474759444e-05,3.775905930277798e-15,33,1e-06,3.344458049266665e-05,6.72005765394477e-14,-1.4064544896630854e-09,5.179764184805097e-06,0.12760675000026822,225,dual_gap,RGD,10,32,,2,0
-388.5348047611297,-388.53482169005423,4.357119189916374e-08,0.0012075004735973777,0.00016402903644718156,5.4666378173522866e-15,32,1e-06,0.4316865010438295,6.582931546318425e-14,-2.8880598393309368e-09,1.4214855711932173e-05,0.02678779198322445,7,dual_gap,Fixed point,10,32,,2,0
-388.5348049854839,-388.5348288227106,6.135158652564469e-08,0.0007606403160322096,9.709510242745324e-05,3.724502746337015e-15,33,1e-06,6.26038646220362e-05,6.644528336536486e-14,-4.1105184900700755e-09,8.414245424113137e-06,0.12586583301890641,225,dual_gap,RGD,10,32,,2,1
-388.5348047169893,-388.5348296253766,6.41085096422168e-08,0.0012125442661533,0.00016396620908538972,6.474366713786907e-15,32,1e-06,0.43171026260927164,6.516628595633203e-14,-4.202271714741466e-09,1.4209359044465143e-05,0.026285708008799702,7,dual_gap,Fixed point,10,32,,2,1
-388.5348049662186,-388.5348286226378,6.08862292748244e-08,0.00042299125741919523,0.00010328159571394389,3.727607598865452e-15,33,1e-06,4.678297306425947e-05,6.575450764079128e-14,-4.029704439175731e-09,8.950365552314109e-06,0.11246095798560418,200,dual_gap,RGD,10,32,,2,2
-388.5348044843595,-388.5348315388852,6.963218074304499e-08,0.0014323370716053773,0.00019936437875234394,6.462308455477902e-15,32,1e-06,0.4315839760340008,6.46633825308703e-14,-4.5239605155176605e-09,1.7276885914611675e-05,0.026591500005451962,7,dual_gap,Fixed point,10,32,,2,2
-388.53480480691223,-388.53482631334407,5.535265198723486e-08,0.0009282850964878084,0.00012254273065125958,3.707935845737205e-15,33,1e-06,7.44654497711118e-05,6.775887510874099e-14,-3.778592840891107e-09,1.061953188488129e-05,0.1156491249857936,175,dual_gap,RGD,10,32,,2,3
-388.53480432990955,-388.5348339741601,7.629754202122068e-08,0.001552989131878109,0.00020456046554967493,6.554156722259784e-15,32,1e-06,0.43172268021745175,6.647085569038866e-14,-5.079973332472032e-09,1.772726600164282e-05,0.028387124999426305,7,dual_gap,Fixed point,10,32,,2,3
-388.53480526228066,-388.5348105323002,1.3563828663348538e-08,0.0004725209457600477,5.9102009168603286e-05,3.708892226546083e-15,33,1e-06,3.6870564216137554e-05,7.081863656637877e-14,-9.701173220031225e-10,5.1217696367621655e-06,0.1291718340071384,225,dual_gap,RGD,10,32,,2,4
-388.5348049782082,-388.5348177393815,3.2844350482032956e-08,0.0009962783379821568,0.0001335332562228605,6.297801850204469e-15,32,1e-06,0.4316462616964738,6.52850832552811e-14,-2.1604201677605686e-09,1.1572066553953412e-05,0.030120000010356307,7,dual_gap,Fixed point,10,32,,2,4
-2.5000000000000004,-2.5000000000025007,1.0000889005823408e-12,4.067257683784849e-10,4.0672576975896477e-10,1.474915140009378e-15,5,1e-06,4.873872188704325e-10,1.0001489586399781e-13,-1.009471190389005e-16,5.751979689794002e-11,0.002485499979229644,25,dual_gap,RGD,10,5,1.0,0,0
-2.5000000000000004,-2.5000000000025038,1.001332350369921e-12,1.6720997799970563e-15,1.4855799983386311e-15,2.9967358463027547e-15,5,1e-06,0.999999999999998,1.000106108789556e-13,-1.7232171368098334e-16,1.0017713677917178e-13,0.0003291670000180602,0,dual_gap,Fixed point,10,5,1.0,0,0
-2.499999999999999,-2.500000000002501,1.0007994433181015e-12,5.7107087544799536e-09,5.710708757022082e-09,1.5993054886952087e-15,5,1e-06,7.2197382128041524e-09,1.0003206990033955e-13,-8.399985995704611e-17,8.076161835086361e-10,0.002303374989423901,25,dual_gap,RGD,10,5,1.0,0,1
-2.4999999999999942,-2.500000000002505,1.004352156996904e-12,2.571635770356562e-15,2.4843096771169323e-15,4.756606313727407e-15,5,1e-06,0.9999999999999979,9.997897909005918e-14,-4.91250445547991e-16,1.0021911244834586e-13,0.0002653330157045275,0,dual_gap,Fixed point,10,5,1.0,0,1
-2.5000000000000004,-2.5000000000025016,1.000444171950221e-12,3.9241160813750005e-10,3.924116061885935e-10,1.9241147450148988e-15,5,1e-06,4.453572670623879e-10,1.0010907471393e-13,-1.1334367180463843e-16,5.5495471769536326e-11,0.0027354579942766577,25,dual_gap,RGD,10,5,1.0,0,2
-2.500000000000006,-2.500000000002513,1.002753435841439e-12,2.5194561099227627e-15,2.5528300470653673e-15,4.25212526794763e-15,5,1e-06,0.999999999999998,1.0003278734351552e-13,-1.9768078129375456e-16,1.0047922201278817e-13,0.0004318749997764826,0,dual_gap,Fixed point,10,5,1.0,0,2
-2.5000000000000004,-2.5000000000025002,9.999112648984007e-13,1.3012217555305946e-12,1.301226842984101e-12,1.4514730563996226e-15,5,1e-06,1.2025014653549719e-12,1.0000890290446264e-13,-1.0868792406241896e-16,2.0945563660354887e-13,0.0027474579983390868,25,dual_gap,RGD,10,5,1.0,0,3
-2.4999999999999973,-2.5000000000025104,1.005240335416603e-12,2.5138728931635194e-15,2.449898816333501e-15,4.331431658737896e-15,5,1e-06,0.9999999999999974,9.998541182636595e-14,-5.441219640957352e-16,1.0042735998914524e-13,0.00034925001091323793,0,dual_gap,Fixed point,10,5,1.0,0,3
-2.5000000000000004,-2.5000000000025016,1.000444171950221e-12,8.677800694164072e-10,8.677800705219627e-10,1.7592141934272203e-15,5,1e-06,9.190497500634626e-10,1.000132225116838e-13,-6.784601612650846e-17,1.227226751556576e-10,0.003025000012712553,25,dual_gap,RGD,10,5,1.0,0,4
-2.500000000000002,-2.500000000002511,1.0034639785772006e-12,2.928098807685208e-15,2.8648411260212905e-15,6.176776228193231e-15,5,1e-06,0.9999999999999978,9.991199251309438e-14,-3.9580829710014443e-16,1.0044738082890905e-13,0.0002760420029517263,0,dual_gap,Fixed point,10,5,1.0,0,4
-2.5000000000000004,-2.500000000002501,1.0002665362662809e-12,2.614960941930634e-09,2.6149609379311844e-09,1.6650411835184497e-15,5,1e-06,2.665205769269002e-09,9.997770967359996e-14,-1.283409147458768e-16,3.698113363622772e-10,0.0026033750036731362,25,dual_gap,RGD,10,5,1.0,1,0
-2.50000000000001,-2.500000000002511,1.000266536266277e-12,3.1817057475460038e-15,3.2393658243715993e-15,5.21667533708493e-15,5,1e-06,0.9999999999999989,1.0019572283827882e-13,1.688964154187088e-16,1.0039698038902566e-13,0.00036216701846569777,0,dual_gap,Fixed point,10,5,1.0,1,0
-2.5000000000000004,-2.5000000000025007,1.0000889005823408e-12,3.97281189479935e-13,3.9727562291864763e-13,1.6396725834649984e-15,5,1e-06,4.4723066346381666e-13,9.99870754311867e-14,-1.0401326247797221e-16,1.1472363803174056e-13,0.0021882910223212093,25,dual_gap,RGD,10,5,1.0,1,1
-2.500000000000002,-2.5000000000025113,1.0036416142611407e-12,2.5394036895144265e-15,2.45604551587674e-15,4.847868596590073e-15,5,1e-06,0.9999999999999973,9.99708732191634e-14,-3.6692482010630653e-16,1.0041546318156026e-13,0.0002715410082601011,0,dual_gap,Fixed point,10,5,1.0,1,1
-2.499999999999999,-2.5000000000025016,1.0009770790020415e-12,7.494678250330159e-09,7.49467824751306e-09,1.7618145909120986e-15,5,1e-06,6.210018768876576e-09,1.0003015546876446e-13,-9.847272232402398e-17,1.0599075676186594e-09,0.001988582982448861,25,dual_gap,RGD,10,5,1.0,1,2
-2.4999999999999982,-2.500000000002511,1.0050626997326624e-12,2.3073303234097774e-15,2.1985165309237505e-15,4.5587199022970644e-15,5,1e-06,0.999999999999998,9.995896062867659e-14,-5.150834208677327e-16,1.0039346207095458e-13,0.0002444580022711307,0,dual_gap,Fixed point,10,5,1.0,1,2
-2.5000000000000004,-2.5000000000025024,1.0007994433181009e-12,2.2548530965776396e-09,2.254853092394335e-09,1.735600684301804e-15,5,1e-06,2.115873492224095e-09,1.0009256705270259e-13,-6.386331264566858e-17,3.1888439847654734e-10,0.002365375024965033,25,dual_gap,RGD,10,5,1.0,1,3
-2.4999999999999964,-2.5000000000025064,1.003996885629023e-12,2.3181804058118034e-15,2.2349290154840443e-15,4.219713273839729e-15,5,1e-06,0.9999999999999988,9.998590144833164e-14,-4.578618414599923e-16,1.0026862021733606e-13,0.0002894159988500178,0,dual_gap,Fixed point,10,5,1.0,1,3
-2.499999999999999,-2.500000000002501,1.0007994433181015e-12,1.9111919947503683e-09,1.911191994910992e-09,1.625226478627027e-15,5,1e-06,2.4644125788151156e-09,9.998514472315292e-14,-1.233729765199409e-16,2.702833828705415e-10,0.002208874997450039,25,dual_gap,RGD,10,5,1.0,1,4
-2.4999999999999982,-2.50000000000251,1.0047074283647823e-12,2.2536201043379056e-15,2.2019091280371477e-15,3.752082908821213e-15,5,1e-06,0.9999999999999979,1.0000324037756225e-13,-4.1786067208057166e-16,1.0036944597853519e-13,0.0002632919931784272,0,dual_gap,Fixed point,10,5,1.0,1,4
-2.5000000000000004,-2.500000000002501,1.0002665362662809e-12,1.9577422812079347e-10,1.9577422036106213e-10,1.9421042926245203e-15,5,1e-06,2.1415854992397447e-10,1.0004309855392e-13,-8.32864316490024e-17,2.768683698232894e-11,0.002170457999454811,25,dual_gap,RGD,10,5,1.0,2,0
-2.4999999999999964,-2.5000000000025078,1.004529792680843e-12,2.501640334953679e-15,2.3641071561935984e-15,4.27372595584457e-15,5,1e-06,0.999999999999998,9.999866794271934e-14,-5.084478404727482e-16,1.0032834267206831e-13,0.00025116701726801693,0,dual_gap,Fixed point,10,5,1.0,2,0
-2.499999999999999,-2.500000000002501,1.0007994433181015e-12,3.386231942240739e-09,3.386231933631016e-09,2.0392963305936735e-15,5,1e-06,4.44963162086148e-09,1.0003890382155231e-13,-8.499234056732225e-17,4.788855225399761e-10,0.0019870420219376683,25,dual_gap,RGD,10,5,1.0,2,1
-2.5000000000000004,-2.500000000002511,1.0041745213129615e-12,2.5905171821851024e-15,2.4878217119603023e-15,4.656658892143371e-15,5,1e-06,0.9999999999999972,9.998761642720002e-14,-4.1737427127523377e-16,1.0044004140006116e-13,0.00024245900567620993,0,dual_gap,Fixed point,10,5,1.0,2,1
-2.5000000000000004,-2.5000000000025007,1.0000889005823408e-12,5.6753494160075265e-09,5.675349418594356e-09,1.915455033327795e-15,5,1e-06,6.783910678117649e-09,9.996168390910293e-14,-6.413123968540082e-17,8.026156180377147e-10,0.00200749997748062,25,dual_gap,RGD,10,5,1.0,2,2
-2.5000000000000013,-2.5000000000025056,1.0016876217378008e-12,1.7836086235294888e-15,1.696331186932211e-15,2.9036632860701767e-15,5,1e-06,0.9999999999999991,1.0002697281247279e-13,-2.1852097265589363e-16,1.0026573050321089e-13,0.00035008302074857056,0,dual_gap,Fixed point,10,5,1.0,2,2
-2.499999999999999,-2.5000000000025016,1.0009770790020415e-12,5.78777740283318e-09,5.787777406726573e-09,2.113232365639091e-15,5,1e-06,6.1038970635667115e-09,1.0006970678366595e-13,-8.681373091652652e-17,8.185153363750697e-10,0.0020461659878492355,25,dual_gap,RGD,10,5,1.0,2,3
-2.500000000000007,-2.500000000002509,1.0007994433180982e-12,3.6713231589575575e-15,3.685084139211879e-15,6.8834719598499455e-15,5,1e-06,0.9999999999999984,9.996175712714804e-14,-1.0572444293736228e-16,1.0035014980795917e-13,0.00024874997325241566,0,dual_gap,Fixed point,10,5,1.0,2,3
-2.5000000000000004,-2.5000000000025007,1.0000889005823408e-12,1.1413481106552687e-10,1.1413482037692607e-10,1.953005463173766e-15,5,1e-06,1.4304218509642273e-10,1.0000492589162272e-13,-1.2351004363124937e-16,1.6141410766026738e-11,0.001993709011003375,25,dual_gap,RGD,10,5,1.0,2,4
-2.500000000000002,-2.5000000000025095,1.0029310715253804e-12,2.892541740963143e-15,2.886009565031116e-15,6.020337825361366e-15,5,1e-06,0.9999999999999979,1.0000323893944158e-13,-3.5060922533140725e-16,1.0039704295912225e-13,0.00024341701646335423,0,dual_gap,Fixed point,10,5,1.0,2,4
-2.1750984079839055,-2.1750984079986857,6.795176267877232e-12,9.305106002648229e-07,1.0779936815364083e-06,1.719500087891493e-15,6,1e-06,2.5591108314363844e-06,8.814208384806887e-14,-5.110670139311178e-13,1.5245132841217578e-07,0.0021448749757837504,25,dual_gap,RGD,10,5,10.0,0,0
-2.1750983926515772,-2.175098420537056,1.2820329833880904e-08,5.0253688179609e-05,6.937694709682427e-05,6.4619490439250565e-15,5,1e-06,0.7624907692625879,8.679780499190805e-14,-1.1145336324028035e-09,9.811372455413279e-06,0.0008979160047601908,3,dual_gap,Fixed point,10,5,10.0,0,0
-2.1750984075972517,-2.1750984084799763,4.0583201064869e-10,9.51513370203288e-06,9.213218510010883e-06,1.749405169951433e-15,6,1e-06,2.610264980224847e-05,8.588024314494671e-14,-3.484228868751749e-11,1.3029458576793345e-06,0.0021115830168128014,25,dual_gap,RGD,10,5,10.0,0,1
-2.175098378553634,-2.1750984527753214,3.412337032410171e-08,6.841800756798486e-05,9.948113516869005e-05,3.0171889047884597e-15,5,1e-06,0.7625434239129854,8.451992506497092e-14,-2.886930511158562e-09,1.406874037944604e-05,0.0010679999832063913,3,dual_gap,Fixed point,10,5,10.0,0,1
-2.1750984079863156,-2.1750984079937705,3.4273969115055794e-12,6.432346425851028e-07,7.100641419788133e-07,1.9229659490316627e-15,6,1e-06,1.756155329221124e-06,8.66692436377855e-14,-2.1031008368815783e-13,1.004182339765843e-07,0.0020557089883368462,25,dual_gap,RGD,10,5,10.0,0,2
-2.1750983396003227,-2.175098504390955,7.576238244075694e-08,0.00010375036009768313,0.00015236978142414505,3.026139469395621e-15,5,1e-06,0.7625142730954994,8.476586291932136e-14,-6.426550667313371e-09,2.1548429237809306e-05,0.0008890420140232891,3,dual_gap,Fixed point,10,5,10.0,0,2
-2.175098407987074,-2.175098407992843,2.6521645249563324e-12,5.693685867876727e-07,5.018426318629919e-07,1.8636659243724475e-15,6,1e-06,1.5168340685315421e-06,8.74293386716883e-14,-1.4479718159487836e-13,7.097126570958528e-08,0.0022003339836373925,25,dual_gap,RGD,10,5,10.0,0,3
-2.1750983468528746,-2.175098502772496,7.168394083871836e-08,9.800164172075826e-05,0.00014064749501247763,2.3909820975334004e-15,5,1e-06,0.7625551845849752,8.484652016915534e-14,-6.082266696224625e-09,1.9890553221561536e-05,0.0009300420060753822,3,dual_gap,Fixed point,10,5,10.0,0,3
-2.175098407968313,-2.175098408032687,2.959582856408092e-11,1.900110242173795e-06,2.330846719790088e-06,1.787044019280702e-15,6,1e-06,5.356629779180302e-06,8.507521485068241e-14,-2.435234759334657e-12,3.2963150432631407e-07,0.002058708982076496,25,dual_gap,RGD,10,5,10.0,0,4
-2.1750984004595546,-2.175098414207408,6.320566241672846e-09,3.5329703273309786e-05,4.823907762315187e-05,5.188526504182617e-15,5,1e-06,0.7625272874737914,8.827864907851712e-14,-5.603912315266218e-10,6.822033916849607e-06,0.0009167919924948364,3,dual_gap,Fixed point,10,5,10.0,0,4
-2.1919870784761417,-2.191987080217797,7.945554431206532e-10,1.2903958563308632e-05,9.303819502021624e-06,1.817795209966876e-15,6,1e-06,3.328306463736935e-05,8.561976437707575e-14,-6.795548906292642e-11,1.315758776150104e-06,0.0026725829811766744,25,dual_gap,RGD,10,5,10.0,1,0
-2.191987070418677,-2.1919870938733315,1.0700179293682321e-08,3.830469825326454e-05,5.463953824089609e-05,3.4308378473135318e-15,5,1e-06,0.6671574781142632,8.58219713153459e-14,-9.197855150423684e-10,7.727181696528888e-06,0.0009532080148346722,3,dual_gap,Fixed point,10,5,10.0,1,0
-2.191987078969153,-2.191987079175345,9.406622620147081e-11,4.408926693506081e-06,3.1701955330340244e-06,1.743313057350102e-15,6,1e-06,1.132484621107774e-05,8.566489995352977e-14,-7.980608821809115e-12,4.483333510107652e-07,0.0022473339922726154,25,dual_gap,RGD,10,5,10.0,1,1
-2.191987078084444,-2.1919870804676833,1.0872506537316902e-09,1.2187336188921288e-05,1.751866183615019e-05,5.663306477500835e-15,5,1e-06,0.6671624591414824,8.876462766133195e-14,-9.668217843848163e-11,2.477513742876947e-06,0.00092299998505041,3,dual_gap,Fixed point,10,5,10.0,1,1
-2.1919870786242726,-2.191987079873912,5.700943747220262e-10,1.0169780393109242e-05,8.821961865522782e-06,2.2150653933814183e-15,6,1e-06,2.677173589321309e-05,8.764710225421367e-14,-4.997291617731733e-11,1.2476138121169177e-06,0.002530833997298032,25,dual_gap,RGD,10,5,10.0,1,2
-2.1919870716248826,-2.191987085796204,6.465057040298592e-09,3.513569546514173e-05,4.837142140492541e-05,3.766147975964092e-15,5,1e-06,0.6671844569130371,8.50049851858898e-14,-5.493175177617096e-10,6.84077113822778e-06,0.001004833000479266,3,dual_gap,Fixed point,10,5,10.0,1,2
-2.191987079033989,-2.1919870790361817,1.0004221919072754e-12,7.808169746696513e-09,5.202514243401472e-09,2.1849589692398312e-15,5,1e-06,1.9774471983382375e-08,8.43743555656405e-14,-1.0513421039206847e-16,7.357466248942332e-10,0.004921791987726465,50,dual_gap,RGD,10,5,10.0,1,3
-2.1919870742500183,-2.1919870853407604,5.059674955554479e-09,2.754068740026423e-05,3.922500062508228e-05,3.4786082105556806e-15,5,1e-06,0.6671868156317291,8.903100716283571e-14,-4.514540750457104e-10,5.547260594495991e-06,0.0010484580125194043,3,dual_gap,Fixed point,10,5,10.0,1,3
-2.1919870787698086,-2.191987080417276,7.515863171430884e-10,5.668719459833385e-06,8.809346249926847e-06,1.796339058114572e-15,6,1e-06,1.6998717223741232e-05,8.814711169180022e-14,-6.62785207826219e-11,1.2458296849429138e-06,0.0021639170008711517,25,dual_gap,RGD,10,5,10.0,1,4
-2.191987072891058,-2.191987088158366,6.965053786677377e-09,3.287288871926383e-05,4.642005941297907e-05,3.577915908646946e-15,5,1e-06,0.667182472756854,8.531662380121212e-14,-5.941627963329217e-10,6.564800783862024e-06,0.0008802500087767839,3,dual_gap,Fixed point,10,5,10.0,1,4
-2.2330702843841896,-2.233070284386425,1.0011082490409424e-12,3.1066840060663928e-09,2.098406446860957e-09,2.635528393004755e-15,5,1e-06,6.3739401241018995e-09,8.6273443423157e-14,-2.3074441003157857e-17,2.9675950108260847e-10,0.004200082999886945,50,dual_gap,RGD,10,5,10.0,2,0
-2.2330702806687692,-2.2330702909397737,4.599498985890345e-09,2.5129641918957892e-05,3.622597464379799e-05,4.534414645987286e-15,5,1e-06,0.5790499352418178,8.854582955206258e-14,-4.073489334155336e-10,5.123100366039398e-06,0.001039124996168539,3,dual_gap,Fixed point,10,5,10.0,2,0
-2.2330702789162515,-2.233070293117403,6.35947354637618e-09,3.8453462115253594e-05,3.3909143905824035e-05,2.251059623359574e-15,6,1e-06,8.365130301934355e-05,9.07079272422707e-14,-5.765304669229439e-10,4.795477127720977e-06,0.0026119169779121876,25,dual_gap,RGD,10,5,10.0,2,1
-2.2330702506955724,-2.2330703348252343,3.767443584787629e-08,7.548897134831136e-05,0.00011041772640172433,3.4563633792644407e-15,5,1e-06,0.5791688618642061,8.974922330523915e-14,-3.386484148001994e-09,1.5615695106964408e-05,0.0009847079927567393,3,dual_gap,Fixed point,10,5,10.0,2,1
-2.2330702843841896,-2.2330702843864234,1.0003127716877115e-12,1.2160942994808087e-08,8.358581001943588e-09,2.508563690986017e-15,5,1e-06,2.4947953763384408e-08,8.624175207943391e-14,-4.1617422194937116e-17,1.1820818653477553e-09,0.0044151660113129765,50,dual_gap,RGD,10,5,10.0,2,2
-2.2330702802654674,-2.2330702892859042,4.039477360672172e-09,2.7111369330168074e-05,3.753370982737349e-05,3.4666057814759395e-15,5,1e-06,0.5790494937224624,8.93262214387848e-14,-3.6148259213063304e-10,5.308048154449845e-06,0.0009458329877816141,3,dual_gap,Fixed point,10,5,10.0,2,2
-2.2330702843841888,-2.2330702843864243,1.0011082490409428e-12,1.660889261837164e-08,1.1694134850503609e-08,2.771147440348749e-15,5,1e-06,3.4306304007079396e-08,8.625538903154552e-14,-1.1792351594775515e-16,1.653800413731956e-09,0.004848583019338548,50,dual_gap,RGD,10,5,10.0,2,3
-2.233070281624194,-2.2330702876239727,2.686784623528576e-09,2.2174402789534214e-05,2.9286552592614615e-05,3.0093216396429764e-15,5,1e-06,0.5790592141436378,8.774169740692598e-14,-2.361671546318597e-10,4.141733002654602e-06,0.0009703329997137189,3,dual_gap,Fixed point,10,5,10.0,2,3
-2.2330702823280255,-2.2330702937574407,5.1182514417500685e-09,2.0070058041944934e-05,2.2271278092886685e-05,2.7329855352604253e-15,6,1e-06,4.8148565609545935e-05,8.924452748047075e-14,-4.5672727020769603e-10,3.1496343637839643e-06,0.0024079160066321492,25,dual_gap,RGD,10,5,10.0,2,4
-2.2330702748762303,-2.233070301491166,1.1918539191619776e-08,4.0008366689791155e-05,5.727086619476655e-05,3.5281285398915662e-15,5,1e-06,0.579031122824518,8.975737643708639e-14,-1.0691731932563986e-09,8.099254032245097e-06,0.0011183329916093498,3,dual_gap,Fixed point,10,5,10.0,2,4
-1.650140378585979,-1.650140539535123,9.753663754980246e-08,8.237606271482316e-05,0.00019414677371638493,1.662935544708237e-15,6,1e-06,0.000207287887530589,6.324268644945849e-14,-6.234273916640586e-09,2.7456499849339534e-05,0.0041017500043381006,50,dual_gap,RGD,10,5,100.0,0,0
-1.6501404218737128,-1.6501404748629604,3.211196268753303e-08,4.029934081125227e-05,0.0001194070368390566,3.20713453732763e-15,5,1e-06,0.5465790226489762,6.396266302349688e-14,-2.064204994274174e-09,1.6886732893876186e-05,0.0015783749986439943,6,dual_gap,Fixed point,10,5,100.0,0,0
-1.6501404372462738,-1.65014043935503,1.2779253408421706e-09,6.508034025455412e-06,1.589674450561105e-05,1.6902499548543798e-15,6,1e-06,1.781216669188501e-05,6.396845438783684e-14,-8.241196049315244e-11,2.2481391686505843e-06,0.00539974999264814,75,dual_gap,RGD,10,5,100.0,0,1
-1.6501404255310936,-1.6501404673113274,2.5319198942539175e-08,3.4015637498225885e-05,0.00011371531865474376,2.8324022103134626e-15,5,1e-06,0.5466453387634,6.114281359502148e-14,-1.550248096604217e-09,1.6081749965975712e-05,0.001851792010711506,7,dual_gap,Fixed point,10,5,100.0,0,1
-1.6501404346786475,-1.650140449444275,8.948103627536141e-09,1.8173386528167045e-05,4.217654667614047e-05,1.90220975887606e-15,6,1e-06,4.883740106449202e-05,6.468805855624595e-14,-5.792193821950028e-10,5.964664474707474e-06,0.005755000020144507,75,dual_gap,RGD,10,5,100.0,0,2
-1.650140411493445,-1.6501405001872875,5.3749269986296615e-08,5.0012413805114396e-05,0.00016716206645930564,4.013365087601194e-15,5,1e-06,0.5465820562688535,6.132875974907896e-14,-3.3006943879631956e-09,2.3640378395013372e-05,0.0016859580064192414,7,dual_gap,Fixed point,10,5,100.0,0,2
-1.650140437651513,-1.6501404377036069,3.156936438428346e-11,7.184095069300461e-07,2.8508493114856117e-06,1.99751545330794e-15,6,1e-06,2.3830870374022496e-06,6.80884023896325e-14,-2.096635081999729e-12,4.0317097635486834e-07,0.005495958001120016,75,dual_gap,RGD,10,5,100.0,0,3
-1.650140412581002,-1.6501405041195545,5.5473189928474676e-08,4.8597694027224575e-05,0.00016038319397037183,6.6252294702952074e-15,5,1e-06,0.5466537770537675,6.078131923960205e-14,-3.376040466574494e-09,2.2681577284438848e-05,0.0017666249768808484,7,dual_gap,Fixed point,10,5,100.0,0,3
-1.6501404361630199,-1.6501404434520095,4.4171935153833115e-09,1.3401665786657772e-05,3.03075930262249e-05,2.1460962621959243e-15,6,1e-06,3.461019434903278e-05,6.247624198617522e-14,-2.7724319899736084e-10,4.286140935568777e-06,0.005525375017896295,75,dual_gap,RGD,10,5,100.0,0,4
-1.6501404313592252,-1.6501404513918598,1.2139957473627802e-08,2.5631052016846304e-05,7.419206599742675e-05,2.4686004928533354e-15,5,1e-06,0.546637701799044,6.656660215968961e-14,-8.143812953123439e-10,1.0492358310950096e-05,0.0016642500122543424,6,dual_gap,Fixed point,10,5,100.0,0,4
-1.7047496965241096,-1.7047496976192793,6.424226001693149e-10,2.81280899593404e-06,6.468223596788715e-06,2.609857815570726e-15,6,1e-06,7.89467167031973e-06,7.383229856683792e-14,-4.748562198779098e-11,9.147449546078146e-07,0.00903979199938476,125,dual_gap,RGD,10,5,100.0,1,0
-1.7047496731005514,-1.7047497756872938,6.017701252739289e-08,5.2687618470480266e-05,0.00016780542058601885,4.361253351518932e-15,5,1e-06,0.3902834058227613,6.449755056432455e-14,-3.922914124915999e-09,2.3731237517303914e-05,0.0013077080075163394,5,dual_gap,Fixed point,10,5,100.0,1,0
-1.7047496960766928,-1.7047497023027136,3.652161267045239e-09,6.859063023564184e-06,1.5964644301081998e-05,2.4922516753470545e-15,6,1e-06,1.8898529394360486e-05,7.397592710044023e-14,-2.708944794788903e-10,2.2577416653756547e-06,0.0075880420044995844,100,dual_gap,RGD,10,5,100.0,1,1
-1.704749690130517,-1.7047497164028313,1.5411244522384515e-08,2.6708938538938355e-05,8.196484673488337e-05,3.213609385031557e-15,5,1e-06,0.39026189149024215,6.491008678589616e-14,-1.0079697201548101e-09,1.1591676215282035e-05,0.001288625004235655,5,dual_gap,Fixed point,10,5,100.0,1,1
-1.7047496963396531,-1.70474969976643,2.0101349011104485e-09,4.491531119181378e-06,1.150386095294184e-05,2.4435399466310384e-15,6,1e-06,1.3190060210626755e-05,7.387473660197161e-14,-1.4871258241207944e-10,1.6268916234226705e-06,0.007129875011742115,100,dual_gap,RGD,10,5,100.0,1,2
-1.7047496479606712,-1.704749812761202,9.667139745395623e-08,7.480978405998817e-05,0.00021278365777812255,4.837693018958739e-15,5,1e-06,0.390278815706662,6.202088633718104e-14,-6.006674937134316e-09,3.0092889214234735e-05,0.0012897499836981297,5,dual_gap,Fixed point,10,5,100.0,1,2
-1.7047496964951916,-1.704749698014242,8.910694890359139e-10,3.11034548807383e-06,7.670938012520846e-06,2.3273026105325802e-15,6,1e-06,8.573152399479115e-06,7.162629344959999e-14,-6.414959907660128e-11,1.084834465074563e-06,0.007289749977644533,100,dual_gap,RGD,10,5,100.0,1,3
-1.7047496672428462,-1.7047498251892568,9.265079422049326e-08,5.3411791295066134e-05,0.00016676694727595342,3.7670165782710355e-15,5,1e-06,0.3903625228404316,6.995115551786335e-14,-6.587238104776821e-09,2.358501433068105e-05,0.0012956669961567968,5,dual_gap,Fixed point,10,5,100.0,1,3
-1.7047496964592197,-1.7047496986180375,1.266354700447731e-09,2.532689927422436e-06,9.069537759297903e-06,2.1357012248932546e-15,6,1e-06,8.674233550664966e-06,7.225424953598143e-14,-9.19441944056722e-11,1.282626333363352e-06,0.009054499998455867,125,dual_gap,RGD,10,5,100.0,1,4
-1.7047496783968423,-1.7047497583668558,4.6910120889616205e-08,4.843314732476532e-05,0.000150111881664946,2.6361185193545317e-15,5,1e-06,0.3903013632337223,6.19695409612854e-14,-2.9114292928740106e-09,2.1229202726742924e-05,0.0012789579923264682,5,dual_gap,Fixed point,10,5,100.0,1,4
-1.84383305832882,-1.843833095145044,1.9967221913622406e-08,1.6825509678147833e-05,3.352704219009327e-05,1.818171259133991e-15,6,1e-06,3.555747550859485e-05,7.70658503368156e-14,-1.5419762769173798e-09,4.741440093488096e-06,0.008926666982006282,125,dual_gap,RGD,10,5,100.0,2,0
-1.8438330545750263,-1.8438330834201602,1.5644113638965244e-08,2.746270486737566e-05,7.634628044423255e-05,6.026423185118504e-15,5,1e-06,0.2930665695056637,7.027634248787671e-14,-1.1039809813586652e-09,1.0797004531008876e-05,0.00131833300110884,5,dual_gap,Fixed point,10,5,100.0,2,0
-1.84383305984927,-1.8438330791968027,1.0493104342453672e-08,5.261433001552706e-06,2.254994045011436e-05,1.841088706067056e-15,6,1e-06,2.0229254541242155e-05,7.693539294872099e-14,-8.079901696523574e-10,3.189043247051149e-06,0.009114917018450797,125,dual_gap,RGD,10,5,100.0,2,1
-1.843833057505171,-1.8438330806110892,1.2531458960316421e-08,1.932747101169565e-05,6.496402554966682e-05,4.126695837476491e-15,5,1e-06,0.29309636348640333,7.571844930403643e-14,-9.534918283319643e-10,9.187503659470603e-06,0.0015497909917030483,6,dual_gap,Fixed point,10,5,100.0,2,1
-1.8438330577261235,-1.8438331165786175,3.191855886447274e-08,1.2713628554870926e-05,3.867359788941973e-05,2.057004906133226e-15,6,1e-06,3.7224112175302265e-05,7.597005188038601e-14,-2.428081461512543e-09,5.469273255218425e-06,0.012509667023550719,175,dual_gap,RGD,10,5,100.0,2,2
-1.8438330552368396,-1.843833072716873,9.480269035788324e-09,2.877803640927566e-05,7.318936198250847e-05,2.36061119370015e-15,5,1e-06,0.29304638864283405,6.797938935663805e-14,-6.569688972783339e-10,1.0350502894651905e-05,0.0013477909960784018,5,dual_gap,Fixed point,10,5,100.0,2,2
-1.8438330606002924,-1.8438330657266206,2.7802561741207125e-09,3.64701106477106e-06,1.1132577195942454e-05,1.959287957316477e-15,6,1e-06,1.0570395590071299e-05,7.599158398785995e-14,-2.1093384036769185e-10,1.5743841821176733e-06,0.012370584008749574,175,dual_gap,RGD,10,5,100.0,2,3
-1.8438330546430752,-1.84383308395184,1.5895563144769602e-08,2.7958658712679626e-05,7.563212621722364e-05,5.271305840930151e-15,5,1e-06,0.2930774550529681,7.08462298636483e-14,-1.1368008489465455e-09,1.0696086989637467e-05,0.0013099589850753546,5,dual_gap,Fixed point,10,5,100.0,2,3
-1.8438330604710236,-1.8438330674178505,3.767600787965455e-09,7.366708623343769e-06,1.26031326921947e-05,1.717108193482665e-15,6,1e-06,1.504244357472164e-05,7.82116203717751e-14,-2.9472276049995994e-10,1.7823521119979688e-06,0.008923207991756499,125,dual_gap,RGD,10,5,100.0,2,4
-1.8438330504778024,-1.843833105858304,3.003552924904807e-08,3.5107312364027325e-05,0.00010299744162373985,3.698930900235539e-15,5,1e-06,0.2930250873882348,7.44095358942107e-14,-2.2437242368136098e-09,1.4565756287720712e-05,0.0012847089965362102,5,dual_gap,Fixed point,10,5,100.0,2,4
-1.2910265661655578,-1.2910265867156903,1.5917668174422084e-08,1.2288017421608211e-05,8.571876451184066e-05,2.405206257962363e-15,6,1e-06,3.409930919782622e-05,5.127341779360091e-14,-8.451356174353935e-10,1.2122463635940514e-05,0.01425075001316145,200,dual_gap,RGD,10,5,1000.0,0,0
-1.2910265647379089,-1.2910266041054073,3.0493174538428057e-08,1.8448125008283e-05,0.00014535988901949953,3.862959987960715e-15,5,1e-06,0.3619023679320835,4.989506132740143e-14,-1.5346535598596324e-09,2.0557099794045433e-05,0.0026249579968862236,11,dual_gap,Fixed point,10,5,1000.0,0,0
-1.291026568542255,-1.2910265892252188,1.6020556268996428e-08,5.440718833388817e-06,5.8843394702621816e-05,2.6632528313323024e-15,6,1e-06,1.9208673309192844e-05,5.191659626501217e-14,-8.472769532603628e-10,8.321712705376644e-06,0.02041745898895897,250,dual_gap,RGD,10,5,1000.0,0,1
-1.2910265553076192,-1.2910266430437956,6.795845984993396e-08,2.927965960571462e-05,0.00025717933375336594,2.593103663227461e-15,5,1e-06,0.36197797177985713,4.603599601604854e-14,-3.2099312322684554e-09,3.6370525397626277e-05,0.0030120000010356307,12,dual_gap,Fixed point,10,5,1000.0,0,1
-1.2910265632999256,-1.2910266181002301,4.244707744537911e-08,1.731703472211323e-05,0.00010581706433259237,3.176112942395672e-15,6,1e-06,4.3520299775323e-05,5.5292383549613406e-14,-2.383749574991063e-09,1.4964792995902121e-05,0.016732291027437896,225,dual_gap,RGD,10,5,1000.0,0,2
-1.2910265596898765,-1.291026621976924,4.8246139517627256e-08,2.4844581620578222e-05,0.0002171905731918467,4.0004454609816764e-15,5,1e-06,0.36190100760932614,4.673850380136386e-14,-2.3002051861796243e-09,3.0715513120423274e-05,0.003104208008153364,13,dual_gap,Fixed point,10,5,1000.0,0,2
-1.2910265687434386,-1.2910265902196403,1.663498043018383e-08,8.983792111869298e-06,5.043898506767639e-05,2.6911508084604518e-15,6,1e-06,2.5921445548626403e-05,5.303462808182682e-14,-8.954435782429629e-10,7.133149948568705e-06,0.016066292009782046,225,dual_gap,RGD,10,5,1000.0,0,3
-1.2910265602841977,-1.291026620693973,4.6792046763841574e-08,2.391917199963409e-05,0.0002078257766262669,3.3907780391095466e-15,5,1e-06,0.3619702236064622,4.529719369778808e-14,-2.1670816097028877e-09,2.939093185857752e-05,0.0029589160112664104,13,dual_gap,Fixed point,10,5,1000.0,0,3
-1.2910265678809205,-1.291026585387261,1.3560015582074848e-08,6.574150436782271e-06,6.850636374537834e-05,2.879206390216278e-15,6,1e-06,2.121351078209166e-05,5.053210300696823e-14,-7.02135157179621e-10,9.68826286854418e-06,0.017638291988987476,250,dual_gap,RGD,10,5,1000.0,0,4
-1.2910265629693651,-1.2910266035406524,3.142560221640091e-08,2.205290505997166e-05,0.00015820100010364969,5.590549355545376e-15,5,1e-06,0.36196297441042025,5.2812253631716736e-14,-1.6988863885061155e-09,2.2373154141955524e-05,0.002570042008301243,10,dual_gap,Fixed point,10,5,1000.0,0,4
-1.3812698254980447,-1.3812699232645966,7.07801981629467e-08,4.264276592084186e-06,4.850691510468322e-05,2.2887843919358427e-15,6,1e-06,2.5782893476523742e-05,6.229188084066377e-14,-4.452431198123279e-09,6.859915566346697e-06,0.03091937501449138,450,dual_gap,RGD,10,5,1000.0,1,0
-1.3812698228248643,-1.381269869148293,3.353684260891425e-08,1.98102114021373e-05,0.00015915210527240312,3.486454183552473e-15,5,1e-06,0.19837385096517318,6.293251158820098e-14,-2.1496698582172197e-09,2.2507648938461107e-05,0.0020248749933671206,8,dual_gap,Fixed point,10,5,1000.0,1,0
-1.3812698252484756,-1.3812699395594454,8.27578853251245e-08,8.327481234959348e-06,4.886634872443463e-05,1.98515620930355e-15,6,1e-06,2.925905233913494e-05,6.286843555414122e-14,-5.229602314247479e-09,6.910747951233862e-06,0.03097245897515677,450,dual_gap,RGD,10,5,1000.0,1,1
-1.3812698202729432,-1.381269878420939,4.2097492393106066e-08,2.4032197044502662e-05,0.0001743654797799068,6.8261022040817105e-15,5,1e-06,0.19834479260620283,5.032897314171363e-14,-2.1570687818014486e-09,2.4659458028984033e-05,0.0019034159777220339,8,dual_gap,Fixed point,10,5,1000.0,1,1
-1.3812698257557645,-1.3812699200548042,6.826981805408195e-08,7.5751235883295815e-06,4.424401009465863e-05,1.865126876681624e-15,6,1e-06,2.654518839433456e-05,6.26109455279545e-14,-4.3061040442258714e-09,6.2570498612162025e-06,0.031599916983395815,450,dual_gap,RGD,10,5,1000.0,1,2
-1.3812698215420554,-1.3812698655876563,3.188776027489995e-08,2.216230717000229e-05,0.00015393686925397438,4.809050033875271e-15,5,1e-06,0.19833241125216008,4.846824339563823e-14,-1.5625461641938177e-09,2.1770235647291095e-05,0.0023532079940196127,9,dual_gap,Fixed point,10,5,1000.0,1,2
-1.3812698252580895,-1.3812699394124721,8.264452066197686e-08,9.434914081020258e-06,4.9056595005685116e-05,2.0315449336283478e-15,6,1e-06,2.9752557179743823e-05,6.242261600297703e-14,-5.200192964938291e-09,6.937652597720212e-06,0.03254504199139774,450,dual_gap,RGD,10,5,1000.0,1,3
-1.3812698255543567,-1.381269863850727,2.7725480994855747e-08,1.16939673657036e-05,9.669550083564669e-05,4.2304429994283484e-15,5,1e-06,0.1983833280373489,5.862544111489541e-14,-1.6740024391846525e-09,1.3675121421086376e-05,0.003052957996260375,9,dual_gap,Fixed point,10,5,1000.0,1,3
-1.3812698262750185,-1.3812699021890786,5.495961665498568e-08,6.3061979351221766e-06,3.935708851293301e-05,2.0041287662078576e-15,6,1e-06,2.2449447696286867e-05,6.226867959788097e-14,-3.4586452542271444e-09,5.56593421106851e-06,0.04481299998587929,500,dual_gap,RGD,10,5,1000.0,1,4
-1.3812698211604315,-1.3812698832278303,4.493502849716806e-08,2.3576758229354048e-05,0.00017457210679833277,3.3799114567312916e-15,5,1e-06,0.19837832290078627,4.8628377092682705e-14,-2.2102671260643415e-09,2.4688501842793878e-05,0.0030767499993089586,8,dual_gap,Fixed point,10,5,1000.0,1,4
-1.6071439668807084,-1.6071440761526896,6.799140804622893e-08,4.990134294236674e-06,3.332551930894507e-05,2.4183469677531002e-15,6,1e-06,1.9775050104933277e-05,6.842612682450377e-14,-4.658678736165979e-09,4.7129431417275165e-06,0.0886098749761004,675,dual_gap,RGD,10,5,1000.0,2,0
-1.6071439580583924,-1.6071440864102067,7.986329640508098e-08,2.9034471963198503e-05,0.00018966549750034373,7.861274599783903e-15,5,1e-06,0.13313024595086134,6.378742958047874e-14,-5.144904408144302e-09,2.6823437740779805e-05,0.0020989159820601344,7,dual_gap,Fixed point,10,5,1000.0,2,0
-1.607143966992916,-1.6071440741239058,6.665923654462048e-08,3.0911948693002487e-06,3.2231010328714856e-05,1.921467405585641e-15,6,1e-06,1.9102596542007704e-05,6.831848898363864e-14,-4.5642868627063975e-09,4.558156188769716e-06,0.06133187501109205,750,dual_gap,RGD,10,5,1000.0,2,1
-1.6071439649464327,-1.6071440504147432,5.318024538756364e-08,1.5309943420111948e-05,0.00013475215311810966,9.589838904092114e-15,5,1e-06,0.1331436655621701,6.767439361503178e-14,-3.614402549752807e-09,1.9057788247163343e-05,0.001928207988385111,8,dual_gap,Fixed point,10,5,1000.0,2,1
-1.607143966654308,-1.6071440871388785,7.496812547137312e-08,5.35399415744696e-06,3.5507836748795e-05,2.154536868875883e-15,6,1e-06,2.0475575417137746e-05,6.871470689371374e-14,-5.1625365279464186e-09,5.021569905450015e-06,0.060574500006623566,850,dual_gap,RGD,10,5,1000.0,2,2
-1.607143962390518,-1.6071440062555948,2.729380685901944e-08,2.635664101570914e-05,0.00013518952610665208,4.440320272619418e-15,5,1e-06,0.13310576903102642,5.42464808156463e-14,-1.507264068529918e-09,1.911884483353941e-05,0.0019942910003010184,7,dual_gap,Fixed point,10,5,1000.0,2,2
-1.6071439665685618,-1.6071441064890857,8.706159917501527e-08,2.9185400743650517e-06,3.601037845903366e-05,2.3323752714039294e-15,6,1e-06,2.1099953103664963e-05,6.854080802090537e-14,-5.9750989757673526e-09,5.092641194970158e-06,0.05935087500256486,825,dual_gap,RGD,10,5,1000.0,2,3
-1.607143962558734,-1.6071440743258423,6.954393062410134e-08,2.0889838199421238e-05,0.00015747490841081218,7.075812368286602e-15,5,1e-06,0.1331415802778191,6.637486389286228e-14,-4.654874810303796e-09,2.227118386143773e-05,0.0018674169841688126,7,dual_gap,Fixed point,10,5,1000.0,2,3
-1.6071439671222036,-1.6071440620830877,5.908673148621293e-08,2.904729952336644e-06,3.031170329124193e-05,2.3602909539467446e-15,6,1e-06,1.7359984499803306e-05,6.766328046710425e-14,-4.011816374627219e-09,4.286724535693985e-06,0.05148712499067187,650,dual_gap,RGD,10,5,1000.0,2,4
-1.607143961472115,-1.6071440315536707,4.360627134211059e-08,2.48561042767011e-05,0.00015132454151818453,7.979137379705282e-15,5,1e-06,0.13310192945388205,5.887977769041659e-14,-2.5920541832683614e-09,2.1400538765707278e-05,0.0020535829826258123,7,dual_gap,Fixed point,10,5,1000.0,2,4
-1.0846458121287863,-1.0846459024211794,8.324597035104992e-08,3.494516496086438e-06,0.00013594299511606538,2.749444886427579e-15,6,1e-06,1.932186612338246e-05,4.337558504122462e-14,-3.6602166579058165e-09,1.922524088407818e-05,0.06343529201694764,725,dual_gap,RGD,10,5,10000.0,0,0
-1.0846458112202046,-1.0846459000963065,8.19402065559303e-08,1.425090646835817e-05,0.00031390339115973945,4.716461771960372e-15,5,1e-06,0.21634808597309865,4.179534055234017e-14,-3.4916271606437827e-09,4.439311887297162e-05,0.0064599160104990005,17,dual_gap,Fixed point,10,5,10000.0,0,0
-1.0846458143860234,-1.0846458934709777,7.291316051203965e-08,6.032733326536623e-06,9.31719311883452e-05,2.805581494668936e-15,6,1e-06,1.9971407023477638e-05,4.431788571641565e-14,-3.2893934965589876e-09,1.3176501471362725e-05,0.10939766597584821,1100,dual_gap,RGD,10,5,10000.0,0,1
-1.0846458118886715,-1.0846458790041176,6.187775341403792e-08,1.3715413560439361e-05,0.00033216753976860955,4.001942481047618e-15,5,1e-06,0.2164229733294228,4.0879998310170685e-14,-2.564128762284658e-09,4.697537345148707e-05,0.00811679201433435,19,dual_gap,Fixed point,10,5,10000.0,0,1
-1.0846458143401796,-1.0846458949351867,7.430536867150279e-08,3.55317754902619e-06,9.241085112207906e-05,2.841915265131636e-15,6,1e-06,1.5592714902460072e-05,4.620086977488994e-14,-3.4899541629401765e-09,1.3068868804724096e-05,0.09578391700051725,1025,dual_gap,RGD,10,5,10000.0,0,2
-1.0846458100390826,-1.0846459045376144,8.712386201452353e-08,1.6066413686456376e-05,0.000384327798173845,4.205165327204211e-15,5,1e-06,0.21635399782399792,4.058367172184703e-14,-3.5962648746438144e-09,5.435261186749865e-05,0.007289208006113768,20,dual_gap,Fixed point,10,5,10000.0,0,2
-1.0846458143859334,-1.0846459072989036,8.566203729752e-08,2.968169815570477e-06,8.976974614775308e-05,2.6304557915873965e-15,6,1e-06,1.6115058508575037e-05,4.534026202905284e-14,-3.96439013516822e-09,1.269536042395343e-05,0.10977508299401961,1200,dual_gap,RGD,10,5,10000.0,0,3
-1.0846458125123344,-1.0846458722341565,5.5061128218408643e-08,1.2781917691228923e-05,0.0003068437097556206,4.915644056703759e-15,5,1e-06,0.21642269630052677,4.070007511115997e-14,-2.2940203862126293e-09,4.339407025239929e-05,0.006581041991012171,20,dual_gap,Fixed point,10,5,10000.0,0,3
-1.0846458145357458,-1.084645893054407,7.239106082027389e-08,3.9450256611337475e-06,9.234697106087757e-05,2.6341516164766164e-15,6,1e-06,1.6754082531876938e-05,4.572528393917324e-14,-3.3624543444324163e-09,1.305983474974075e-05,0.11796087500988506,1200,dual_gap,RGD,10,5,10000.0,0,4
-1.0846458106400303,-1.0846458962344259,7.891460487070185e-08,1.6839756765037357e-05,0.00034487759631284714,3.604106580449634e-15,5,1e-06,0.21639027082840648,3.932583648340094e-14,-3.0960900852743655e-09,4.877373763236416e-05,0.00483916699886322,16,dual_gap,Fixed point,10,5,10000.0,0,4
-1.196999836112021,-1.19699995350675,9.80741394319575e-08,1.2091560039518814e-06,2.7488640799480462e-05,1.8821623140602424e-15,6,1e-06,1.0076345763292892e-05,5.707118255830832e-14,-5.640822788126022e-09,3.887486751173827e-06,0.18082633402082138,2575,dual_gap,RGD,10,5,10000.0,1,0
-1.1969998348958353,-1.1969998868252434,4.338297015008546e-08,1.041345352071589e-05,0.00021061907102828232,1.7973490950391192e-14,5,1e-06,0.08505788230205853,5.860101531614526e-14,-2.556445108558021e-09,2.978643046365886e-05,0.0027153330156579614,11,dual_gap,Fixed point,10,5,10000.0,1,0
-1.1969998361451346,-1.1969999443671608,9.041106185772018e-08,9.72583683847388e-07,2.690974594294036e-05,1.794190812381753e-15,6,1e-06,9.659285682975303e-06,5.775788053048548e-14,-5.233098462250119e-09,3.8056177954534763e-06,0.19325420900713652,2825,dual_gap,RGD,10,5,10000.0,1,1
-1.1969998336115124,-1.1969998805999502,3.925517488636648e-08,1.2890351075906997e-05,0.00022676086671057693,9.1726825608111e-15,5,1e-06,0.08503757139850164,4.4415816384305446e-14,-1.8069951651240882e-09,3.2069293523557416e-05,0.0027186250081285834,12,dual_gap,Fixed point,10,5,10000.0,1,1
-1.1969998361210228,-1.1969999501401594,9.525409539420123e-08,6.693082363206049e-07,2.741927067000723e-05,1.883590603938668e-15,6,1e-06,9.80220672429181e-06,5.72668865088102e-14,-5.5001364206558125e-09,3.877675970160494e-06,0.2020582499972079,3000,dual_gap,RGD,10,5,10000.0,1,2
-1.19699983347087,-1.1969998781307623,3.730985667666772e-08,1.3249409458151592e-05,0.00022380042981798412,9.620885817377919e-15,5,1e-06,0.08502767609654457,4.1400587706657453e-14,-1.5892465711843647e-09,3.165050468979599e-05,0.0031052920094225556,13,dual_gap,Fixed point,10,5,10000.0,1,2
-1.1969998361144951,-1.1969999497849055,9.496276188861708e-08,7.52902408914806e-07,2.7837504075632758e-05,2.0065329986956032e-15,6,1e-06,1.0094732065767407e-05,5.75711313140523e-14,-5.493417278175173e-09,3.936822950745234e-06,0.18393825000384822,2725,dual_gap,RGD,10,5,10000.0,1,3
-1.196999835078104,-1.196999891582716,4.7205196228532687e-08,8.738261805610836e-06,0.00017907976685507812,1.0441362782772523e-14,5,1e-06,0.08506782954559286,5.263626753124884e-14,-2.6008178286679726e-09,2.5326374804390216e-05,0.002925209002569318,12,dual_gap,Fixed point,10,5,10000.0,1,3
-1.1969998361157608,-1.1969999540236997,9.850288647535692e-08,8.898435408995169e-07,2.738630409608105e-05,1.8428289411835625e-15,6,1e-06,9.93607837675847e-06,5.73218536031552e-14,-5.6997344022194136e-09,3.873014087358345e-06,0.2218454579997342,3275,dual_gap,RGD,10,5,10000.0,1,4
-1.1969998317597466,-1.1969999286039439,8.090577355033124e-08,1.7110735785853825e-05,0.0002940872251574001,9.618096263638367e-15,5,1e-06,0.08507292703643306,4.216265643377328e-14,-3.587436239433111e-09,4.1590831784332465e-05,0.0025804169999901205,11,dual_gap,Fixed point,10,5,10000.0,1,4
-1.4750789343137465,-1.4750790758328516,9.594002179085729e-08,1.0996391849252398e-06,1.913293575869364e-05,2.4206186757636297e-15,6,1e-06,8.283810343559732e-06,6.348082102615042e-14,-6.092930383566909e-09,2.7058156566722664e-06,0.3015935840085149,4475,dual_gap,RGD,10,5,10000.0,2,0
-1.4750789332662158,-1.4750789742373682,2.7775566138676046e-08,9.368538579124469e-06,0.0001270382306183119,3.7629894809919515e-14,5,1e-06,0.05573390297658316,5.606577582455502e-14,-1.5884110451506316e-09,1.7966101728748696e-05,0.002459707990055904,10,dual_gap,Fixed point,10,5,10000.0,2,0
-1.4750789343202937,-1.4750790690049072,9.130671608706906e-08,1.3599966196435259e-06,1.8814450601238237e-05,2.2511225936157658e-15,6,1e-06,8.085552302434574e-06,6.31952040105239e-14,-5.7822142004222465e-09,2.660774224124646e-06,0.3568282920168713,5300,dual_gap,RGD,10,5,10000.0,2,1
-1.4750789343012192,-1.475078970221567,2.4351475010604717e-08,3.841064382774948e-06,9.305070335287506e-05,1.947721897216315e-14,5,1e-06,0.05574102226452666,6.236285046376724e-14,-1.528091480525272e-09,1.3159726836380793e-05,0.0025106660032179207,11,dual_gap,Fixed point,10,5,10000.0,2,1
-1.4750789343091826,-1.475079080718799,9.925544526815382e-08,7.930212294921163e-07,1.849777049020947e-05,1.8191234796892097e-15,6,1e-06,8.076512687633906e-06,6.404372932259571e-14,-6.372468853654652e-09,2.6159908716588634e-06,0.37372083400259726,5550,dual_gap,RGD,10,5,10000.0,2,2
-1.4750789282080168,-1.4750790241853515,6.506589777064955e-08,2.3068202040361644e-05,0.00023117047266344638,2.8048274225797862e-14,5,1e-06,0.0557287835868509,4.5670362768569213e-14,-3.0684331009851255e-09,3.2692927155390146e-05,0.002100833982694894,9,dual_gap,Fixed point,10,5,10000.0,2,2
-1.475078934308244,-1.4750790818080322,9.99945051960017e-08,1.1950529676105839e-06,1.8815145024816363e-05,2.3718190077021923e-15,6,1e-06,8.3396158702671e-06,6.37873405023568e-14,-6.399737561644506e-09,2.6608744074269807e-06,0.39982483399217017,5900,dual_gap,RGD,10,5,10000.0,2,3
-1.475078934296971,-1.4750789670272266,2.2188816378492135e-08,4.386506935180105e-06,9.083292462061651e-05,3.04710102614054e-14,5,1e-06,0.055738505169902294,6.225932464313572e-14,-1.3949003447922588e-09,1.2845999976142431e-05,0.0023467080027330667,10,dual_gap,Fixed point,10,5,10000.0,2,3
-1.4750789342841855,-1.47507908135527,9.970387429838637e-08,7.552485561699841e-07,1.967690087190999e-05,2.2675087402258235e-15,6,1e-06,8.324904467867498e-06,6.320355498358615e-14,-6.28925885693206e-09,2.7827443443671913e-06,0.29936629100120626,4400,dual_gap,RGD,10,5,10000.0,2,4
-1.4750789285047883,-1.4750790582857312,8.798237190795552e-08,2.0377487797157147e-05,0.0002429955210375665,2.6103536988547344e-14,5,1e-06,0.05573636188423095,4.91146208712235e-14,-4.418986422593926e-09,3.4365335281521914e-05,0.002128749998519197,9,dual_gap,Fixed point,10,5,10000.0,2,4
